"../../../Engine/Content/EditorResources/S_Actor.ubulk" 0
"../../../Engine/Content/EditorResources/S_Actor.uasset" 1
"../../../Engine/Content/EditorResources/S_Actor.uexp" 2
"../../../Engine/Content/EditorResources/S_BoxReflectionCapture.uasset" 3
"../../../Engine/Content/EditorResources/S_BoxReflectionCapture.uexp" 4
"../../../Engine/Content/EngineResources/DefaultTexture.ubulk" 5
"../../../Engine/Content/EngineResources/DefaultTexture.uasset" 6
"../../../Engine/Content/EngineResources/DefaultTexture.uexp" 7
"../../../Engine/Content/EngineResources/DefaultVolumeTexture2D.uasset" 8
"../../../Engine/Content/EngineResources/DefaultVolumeTexture2D.uexp" 9
"../../../Engine/Content/EngineResources/DefaultVolumeTexture.uasset" 10
"../../../Engine/Content/EngineResources/DefaultVolumeTexture.uexp" 11
"../../../Engine/Content/EditorResources/S_Trigger.ubulk" 12
"../../../Engine/Content/EditorResources/S_Trigger.uasset" 13
"../../../Engine/Content/EditorResources/S_Trigger.uexp" 14
"../../../Engine/Content/EditorResources/S_TriggerBox.uasset" 15
"../../../Engine/Content/EditorResources/S_TriggerBox.uexp" 16
"../../../Engine/Content/EditorResources/S_TriggerCapsule.uasset" 17
"../../../Engine/Content/EditorResources/S_TriggerCapsule.uexp" 18
"../../../Engine/Content/EditorResources/S_TriggerSphere.uasset" 19
"../../../Engine/Content/EditorResources/S_TriggerSphere.uexp" 20
"../../../Engine/Content/EngineMeshes/Sphere.ubulk" 21
"../../../Engine/Content/EngineMeshes/Sphere.uasset" 22
"../../../Engine/Content/EngineMeshes/Sphere.uexp" 23
"../../../Engine/Content/EngineResources/GradientTexture0.uasset" 24
"../../../Engine/Content/EngineResources/GradientTexture0.uexp" 25
"../../../Engine/Content/EngineResources/Black.uasset" 26
"../../../Engine/Content/EngineResources/Black.uexp" 27
"../../../Engine/Content/VREditor/LaserPointer/VR_LaserPower_01.ubulk" 28
"../../../Engine/Content/VREditor/LaserPointer/VR_LaserPower_01.uasset" 29
"../../../Engine/Content/VREditor/LaserPointer/VR_LaserPower_01.uexp" 30
"../../../Engine/Content/VREditor/TransformGizmo/TransformGizmoMaterial.uasset" 31
"../../../Engine/Content/VREditor/TransformGizmo/TransformGizmoMaterial.uexp" 32
"../../../Engine/Content/VREditor/TransformGizmo/TranslucentTransformGizmoMaterial.uasset" 33
"../../../Engine/Content/VREditor/TransformGizmo/TranslucentTransformGizmoMaterial.uexp" 34
"../../../Engine/Content/VREditor/TransformGizmo/BoundingBoxCorner.ubulk" 35
"../../../Engine/Content/VREditor/TransformGizmo/BoundingBoxCorner.uasset" 36
"../../../Engine/Content/VREditor/TransformGizmo/BoundingBoxCorner.uexp" 37
"../../../Engine/Content/VREditor/TransformGizmo/BoundingBoxEdge.ubulk" 38
"../../../Engine/Content/VREditor/TransformGizmo/BoundingBoxEdge.uasset" 39
"../../../Engine/Content/VREditor/TransformGizmo/BoundingBoxEdge.uexp" 40
"../../../Engine/Content/VREditor/TransformGizmo/Main.uasset" 41
"../../../Engine/Content/VREditor/TransformGizmo/Main.uexp" 42
"../../../Engine/Content/VREditor/TransformGizmo/Xray.uasset" 43
"../../../Engine/Content/VREditor/TransformGizmo/Xray.uexp" 44
"../../../Engine/Content/VREditor/TransformGizmo/SM_Sequencer_Node.ubulk" 45
"../../../Engine/Content/VREditor/TransformGizmo/SM_Sequencer_Node.uasset" 46
"../../../Engine/Content/VREditor/TransformGizmo/SM_Sequencer_Node.uexp" 47
"../../../Engine/Content/EditorResources/S_Solver.ubulk" 48
"../../../Engine/Content/EditorResources/S_Solver.uasset" 49
"../../../Engine/Content/EditorResources/S_Solver.uexp" 50
"../../../Engine/Content/EditorMaterials/Camera/CineMat.uasset" 51
"../../../Engine/Content/EditorMaterials/Camera/CineMat.uexp" 52
"../../../Engine/Content/EditorMaterials/Camera/MI_CineMat_Rig.uasset" 53
"../../../Engine/Content/EditorMaterials/Camera/MI_CineMat_Rig.uexp" 54
"../../../Engine/Content/EditorMeshes/Camera/SM_CraneRig_Base.ubulk" 55
"../../../Engine/Content/EditorMeshes/Camera/SM_CraneRig_Base.uasset" 56
"../../../Engine/Content/EditorMeshes/Camera/SM_CraneRig_Base.uexp" 57
"../../../Engine/Content/EditorMeshes/Camera/SM_CraneRig_Arm.ubulk" 58
"../../../Engine/Content/EditorMeshes/Camera/SM_CraneRig_Arm.uasset" 59
"../../../Engine/Content/EditorMeshes/Camera/SM_CraneRig_Arm.uexp" 60
"../../../Engine/Content/EditorMeshes/Camera/SM_CraneRig_Mount.ubulk" 61
"../../../Engine/Content/EditorMeshes/Camera/SM_CraneRig_Mount.uasset" 62
"../../../Engine/Content/EditorMeshes/Camera/SM_CraneRig_Mount.uexp" 63
"../../../Engine/Content/EditorMeshes/Camera/SM_CraneRig_Body.ubulk" 64
"../../../Engine/Content/EditorMeshes/Camera/SM_CraneRig_Body.uasset" 65
"../../../Engine/Content/EditorMeshes/Camera/SM_CraneRig_Body.uexp" 66
"../../../Engine/Content/EditorMeshes/Camera/SM_RailRig_Track.ubulk" 67
"../../../Engine/Content/EditorMeshes/Camera/SM_RailRig_Track.uasset" 68
"../../../Engine/Content/EditorMeshes/Camera/SM_RailRig_Track.uexp" 69
"../../../Engine/Content/EditorMeshes/Camera/SM_RailRig_Mount.ubulk" 70
"../../../Engine/Content/EditorMeshes/Camera/SM_RailRig_Mount.uasset" 71
"../../../Engine/Content/EditorMeshes/Camera/SM_RailRig_Mount.uexp" 72
"../../../Engine/Content/EngineMaterials/T_Default_Material_Grid_M.ubulk" 73
"../../../Engine/Content/EngineMaterials/T_Default_Material_Grid_M.uasset" 74
"../../../Engine/Content/EngineMaterials/T_Default_Material_Grid_M.uexp" 75
"../../../Engine/Content/EngineMaterials/T_Default_Material_Grid_N.ubulk" 76
"../../../Engine/Content/EngineMaterials/T_Default_Material_Grid_N.uasset" 77
"../../../Engine/Content/EngineMaterials/T_Default_Material_Grid_N.uexp" 78
"../../../Engine/Content/Functions/Engine_MaterialFunctions01/Opacity/CameraDepthFade.uasset" 79
"../../../Engine/Content/Functions/Engine_MaterialFunctions01/Opacity/CameraDepthFade.uexp" 80
"../../../Engine/Content/EngineMaterials/WorldGridMaterial.uasset" 81
"../../../Engine/Content/EngineMaterials/WorldGridMaterial.uexp" 82
"../../../Engine/Content/ArtTools/RenderToTexture/Meshes/S_1_Unit_Plane.ubulk" 83
"../../../Engine/Content/ArtTools/RenderToTexture/Meshes/S_1_Unit_Plane.uasset" 84
"../../../Engine/Content/ArtTools/RenderToTexture/Meshes/S_1_Unit_Plane.uexp" 85
"../../../Engine/Content/EditorMaterials/ParticleSystems/PSysThumbnail_NoImage.ubulk" 86
"../../../Engine/Content/EditorMaterials/ParticleSystems/PSysThumbnail_NoImage.uasset" 87
"../../../Engine/Content/EditorMaterials/ParticleSystems/PSysThumbnail_NoImage.uexp" 88
"../../../Engine/Content/EditorMaterials/ParticleSystems/PSysThumbnail_OOD.ubulk" 89
"../../../Engine/Content/EditorMaterials/ParticleSystems/PSysThumbnail_OOD.uasset" 90
"../../../Engine/Content/EditorMaterials/ParticleSystems/PSysThumbnail_OOD.uexp" 91
"../../../Engine/Content/EditorLandscapeResources/SplineEditorMeshMat.uasset" 92
"../../../Engine/Content/EditorLandscapeResources/SplineEditorMeshMat.uexp" 93
"../../../Engine/Content/EditorLandscapeResources/SplineEditorMesh.ubulk" 94
"../../../Engine/Content/EditorLandscapeResources/SplineEditorMesh.uasset" 95
"../../../Engine/Content/EditorLandscapeResources/SplineEditorMesh.uexp" 96
"C:/Users/user/Documents/Unreal Projects/LocalMultiBaseCPP/Content/Assets/Gobelin/arms_ncl1_1.ubulk" 97
"C:/Users/user/Documents/Unreal Projects/LocalMultiBaseCPP/Content/Assets/Gobelin/arms_ncl1_1.uasset" 98
"C:/Users/user/Documents/Unreal Projects/LocalMultiBaseCPP/Content/Assets/Gobelin/arms_ncl1_1.uexp" 99
"C:/Users/user/Documents/Unreal Projects/LocalMultiBaseCPP/Content/Assets/Gobelin/arms.uasset" 100
"C:/Users/user/Documents/Unreal Projects/LocalMultiBaseCPP/Content/Assets/Gobelin/arms.uexp" 101
"C:/Users/user/Documents/Unreal Projects/LocalMultiBaseCPP/Content/Assets/Gobelin/Gobelin_PhysicsAsset.uasset" 102
"C:/Users/user/Documents/Unreal Projects/LocalMultiBaseCPP/Content/Assets/Gobelin/Gobelin_PhysicsAsset.uexp" 103
"C:/Users/user/Documents/Unreal Projects/LocalMultiBaseCPP/Content/Assets/Gobelin/Gobelin_Skeleton.uasset" 104
"C:/Users/user/Documents/Unreal Projects/LocalMultiBaseCPP/Content/Assets/Gobelin/Gobelin_Skeleton.uexp" 105
"C:/Users/user/Documents/Unreal Projects/LocalMultiBaseCPP/Content/Assets/Gobelin/Gobelin_ncl1_1.ubulk" 106
"C:/Users/user/Documents/Unreal Projects/LocalMultiBaseCPP/Content/Assets/Gobelin/Gobelin_ncl1_1.uasset" 107
"C:/Users/user/Documents/Unreal Projects/LocalMultiBaseCPP/Content/Assets/Gobelin/Gobelin_ncl1_1.uexp" 108
"C:/Users/user/Documents/Unreal Projects/LocalMultiBaseCPP/Content/Assets/Gobelin/Gobelin1.uasset" 109
"C:/Users/user/Documents/Unreal Projects/LocalMultiBaseCPP/Content/Assets/Gobelin/Gobelin1.uexp" 110
"C:/Users/user/Documents/Unreal Projects/LocalMultiBaseCPP/Content/Assets/Gobelin/Gobelin.uasset" 111
"C:/Users/user/Documents/Unreal Projects/LocalMultiBaseCPP/Content/Assets/Gobelin/Gobelin.uexp" 112
"C:/Users/user/Documents/Unreal Projects/LocalMultiBaseCPP/Content/Assets/MonsterPortal/textures/prop_portal_prop_portal_tex_Normal.ubulk" 113
"C:/Users/user/Documents/Unreal Projects/LocalMultiBaseCPP/Content/Assets/MonsterPortal/textures/prop_portal_prop_portal_tex_Normal.uasset" 114
"C:/Users/user/Documents/Unreal Projects/LocalMultiBaseCPP/Content/Assets/MonsterPortal/textures/prop_portal_prop_portal_tex_Normal.uexp" 115
"C:/Users/user/Documents/Unreal Projects/LocalMultiBaseCPP/Content/Assets/MonsterPortal/textures/prop_portal_prop_portal_tex_BaseColor.ubulk" 116
"C:/Users/user/Documents/Unreal Projects/LocalMultiBaseCPP/Content/Assets/MonsterPortal/textures/prop_portal_prop_portal_tex_BaseColor.uasset" 117
"C:/Users/user/Documents/Unreal Projects/LocalMultiBaseCPP/Content/Assets/MonsterPortal/textures/prop_portal_prop_portal_tex_BaseColor.uexp" 118
"C:/Users/user/Documents/Unreal Projects/LocalMultiBaseCPP/Content/Assets/MonsterPortal/textures/prop_portal_prop_portal_tex_Roughness.ubulk" 119
"C:/Users/user/Documents/Unreal Projects/LocalMultiBaseCPP/Content/Assets/MonsterPortal/textures/prop_portal_prop_portal_tex_Roughness.uasset" 120
"C:/Users/user/Documents/Unreal Projects/LocalMultiBaseCPP/Content/Assets/MonsterPortal/textures/prop_portal_prop_portal_tex_Roughness.uexp" 121
"C:/Users/user/Documents/Unreal Projects/LocalMultiBaseCPP/Content/Assets/MonsterPortal/prop_portalpiedras_low.uasset" 122
"C:/Users/user/Documents/Unreal Projects/LocalMultiBaseCPP/Content/Assets/MonsterPortal/prop_portalpiedras_low.uexp" 123
"C:/Users/user/Documents/Unreal Projects/LocalMultiBaseCPP/Content/Assets/MonsterPortal/textures/prop_portal_prop_portalmadera_tex_Roughness.ubulk" 124
"C:/Users/user/Documents/Unreal Projects/LocalMultiBaseCPP/Content/Assets/MonsterPortal/textures/prop_portal_prop_portalmadera_tex_Roughness.uasset" 125
"C:/Users/user/Documents/Unreal Projects/LocalMultiBaseCPP/Content/Assets/MonsterPortal/textures/prop_portal_prop_portalmadera_tex_Roughness.uexp" 126
"C:/Users/user/Documents/Unreal Projects/LocalMultiBaseCPP/Content/Assets/MonsterPortal/textures/prop_portal_prop_portalmadera_tex_BaseColor.ubulk" 127
"C:/Users/user/Documents/Unreal Projects/LocalMultiBaseCPP/Content/Assets/MonsterPortal/textures/prop_portal_prop_portalmadera_tex_BaseColor.uasset" 128
"C:/Users/user/Documents/Unreal Projects/LocalMultiBaseCPP/Content/Assets/MonsterPortal/textures/prop_portal_prop_portalmadera_tex_BaseColor.uexp" 129
"C:/Users/user/Documents/Unreal Projects/LocalMultiBaseCPP/Content/Assets/MonsterPortal/textures/prop_portal_prop_portalmadera_tex_Normal.ubulk" 130
"C:/Users/user/Documents/Unreal Projects/LocalMultiBaseCPP/Content/Assets/MonsterPortal/textures/prop_portal_prop_portalmadera_tex_Normal.uasset" 131
"C:/Users/user/Documents/Unreal Projects/LocalMultiBaseCPP/Content/Assets/MonsterPortal/textures/prop_portal_prop_portalmadera_tex_Normal.uexp" 132
"C:/Users/user/Documents/Unreal Projects/LocalMultiBaseCPP/Content/Assets/MonsterPortal/prop_portalmadera_low.uasset" 133
"C:/Users/user/Documents/Unreal Projects/LocalMultiBaseCPP/Content/Assets/MonsterPortal/prop_portalmadera_low.uexp" 134
"C:/Users/user/Documents/Unreal Projects/LocalMultiBaseCPP/Content/Assets/SM_MERGED_StaticMeshActor_7.uasset" 135
"C:/Users/user/Documents/Unreal Projects/LocalMultiBaseCPP/Content/Assets/SM_MERGED_StaticMeshActor_7.uexp" 136
"../../../Engine/Plugins/Media/MediaPlate/Content/SM_MediaPlateScreen.ubulk" 137
"../../../Engine/Plugins/Media/MediaPlate/Content/SM_MediaPlateScreen.uasset" 138
"../../../Engine/Plugins/Media/MediaPlate/Content/SM_MediaPlateScreen.uexp" 139
"../../../Engine/Content/EngineMaterials/DefaultBokeh.uasset" 140
"../../../Engine/Content/EngineMaterials/DefaultBokeh.uexp" 141
"../../../Engine/Content/EngineMaterials/MiniFont.uasset" 142
"../../../Engine/Content/EngineMaterials/MiniFont.uexp" 143
"../../../Engine/Content/EngineMaterials/WeightMapPlaceholderTexture.uasset" 144
"../../../Engine/Content/EngineMaterials/WeightMapPlaceholderTexture.uexp" 145
"../../../Engine/Content/EngineMaterials/WeightMapArrayPlaceholderTexture.uasset" 146
"../../../Engine/Content/EngineMaterials/WeightMapArrayPlaceholderTexture.uexp" 147
"../../../Engine/Content/EngineMaterials/DefaultWhiteGrid.ubulk" 148
"../../../Engine/Content/EngineMaterials/DefaultWhiteGrid.uasset" 149
"../../../Engine/Content/EngineMaterials/DefaultWhiteGrid.uexp" 150
"../../../Engine/Content/EngineMaterials/PreintegratedSkinBRDF.uasset" 151
"../../../Engine/Content/EngineMaterials/PreintegratedSkinBRDF.uexp" 152
"C:/Users/user/Documents/Unreal Projects/LocalMultiBaseCPP/Content/Assets/Object/Farm_house/textures/all.uasset" 153
"C:/Users/user/Documents/Unreal Projects/LocalMultiBaseCPP/Content/Assets/Object/Farm_house/textures/all.uexp" 154
"C:/Users/user/Documents/Unreal Projects/LocalMultiBaseCPP/Content/Assets/Object/Farm_house/House_Farm_wood.uasset" 155
"C:/Users/user/Documents/Unreal Projects/LocalMultiBaseCPP/Content/Assets/Object/Farm_house/House_Farm_wood.uexp" 156
"C:/Users/user/Documents/Unreal Projects/LocalMultiBaseCPP/Content/SM_MERGED_StaticMeshActor_13.uasset" 157
"C:/Users/user/Documents/Unreal Projects/LocalMultiBaseCPP/Content/SM_MERGED_StaticMeshActor_13.uexp" 158
"C:/Users/user/Documents/Unreal Projects/LocalMultiBaseCPP/Content/Assets/BossPortal/Portal_Texture/portal_PortalText3_Normal.ubulk" 159
"C:/Users/user/Documents/Unreal Projects/LocalMultiBaseCPP/Content/Assets/BossPortal/Portal_Texture/portal_PortalText3_Normal.uasset" 160
"C:/Users/user/Documents/Unreal Projects/LocalMultiBaseCPP/Content/Assets/BossPortal/Portal_Texture/portal_PortalText3_Normal.uexp" 161
"C:/Users/user/Documents/Unreal Projects/LocalMultiBaseCPP/Content/Assets/BossPortal/Portal_Texture/portal_PortalText3_OcclusionRoughnessMetallic.ubulk" 162
"C:/Users/user/Documents/Unreal Projects/LocalMultiBaseCPP/Content/Assets/BossPortal/Portal_Texture/portal_PortalText3_OcclusionRoughnessMetallic.uasset" 163
"C:/Users/user/Documents/Unreal Projects/LocalMultiBaseCPP/Content/Assets/BossPortal/Portal_Texture/portal_PortalText3_OcclusionRoughnessMetallic.uexp" 164
"C:/Users/user/Documents/Unreal Projects/LocalMultiBaseCPP/Content/Assets/BossPortal/Portal_Texture/portal_PortalText3_BaseColor.ubulk" 165
"C:/Users/user/Documents/Unreal Projects/LocalMultiBaseCPP/Content/Assets/BossPortal/Portal_Texture/portal_PortalText3_BaseColor.uasset" 166
"C:/Users/user/Documents/Unreal Projects/LocalMultiBaseCPP/Content/Assets/BossPortal/Portal_Texture/portal_PortalText3_BaseColor.uexp" 167
"C:/Users/user/Documents/Unreal Projects/LocalMultiBaseCPP/Content/Assets/BossPortal/Portal_Texture/PortalText3.uasset" 168
"C:/Users/user/Documents/Unreal Projects/LocalMultiBaseCPP/Content/Assets/BossPortal/Portal_Texture/PortalText3.uexp" 169
"C:/Users/user/Documents/Unreal Projects/LocalMultiBaseCPP/Content/Assets/BossPortal/Portal_Texture/portal_PortalText1_Normal.ubulk" 170
"C:/Users/user/Documents/Unreal Projects/LocalMultiBaseCPP/Content/Assets/BossPortal/Portal_Texture/portal_PortalText1_Normal.uasset" 171
"C:/Users/user/Documents/Unreal Projects/LocalMultiBaseCPP/Content/Assets/BossPortal/Portal_Texture/portal_PortalText1_Normal.uexp" 172
"C:/Users/user/Documents/Unreal Projects/LocalMultiBaseCPP/Content/Assets/BossPortal/Portal_Texture/portal_PortalText1_OcclusionRoughnessMetallic.ubulk" 173
"C:/Users/user/Documents/Unreal Projects/LocalMultiBaseCPP/Content/Assets/BossPortal/Portal_Texture/portal_PortalText1_OcclusionRoughnessMetallic.uasset" 174
"C:/Users/user/Documents/Unreal Projects/LocalMultiBaseCPP/Content/Assets/BossPortal/Portal_Texture/portal_PortalText1_OcclusionRoughnessMetallic.uexp" 175
"C:/Users/user/Documents/Unreal Projects/LocalMultiBaseCPP/Content/Assets/BossPortal/Portal_Texture/portal_PortalText1_BaseColor.ubulk" 176
"C:/Users/user/Documents/Unreal Projects/LocalMultiBaseCPP/Content/Assets/BossPortal/Portal_Texture/portal_PortalText1_BaseColor.uasset" 177
"C:/Users/user/Documents/Unreal Projects/LocalMultiBaseCPP/Content/Assets/BossPortal/Portal_Texture/portal_PortalText1_BaseColor.uexp" 178
"C:/Users/user/Documents/Unreal Projects/LocalMultiBaseCPP/Content/Assets/BossPortal/Portal_Texture/PortalText1.uasset" 179
"C:/Users/user/Documents/Unreal Projects/LocalMultiBaseCPP/Content/Assets/BossPortal/Portal_Texture/PortalText1.uexp" 180
"C:/Users/user/Documents/Unreal Projects/LocalMultiBaseCPP/Content/Assets/BossPortal/Portal_Texture/portal_PortalText2_BaseColor.ubulk" 181
"C:/Users/user/Documents/Unreal Projects/LocalMultiBaseCPP/Content/Assets/BossPortal/Portal_Texture/portal_PortalText2_BaseColor.uasset" 182
"C:/Users/user/Documents/Unreal Projects/LocalMultiBaseCPP/Content/Assets/BossPortal/Portal_Texture/portal_PortalText2_BaseColor.uexp" 183
"C:/Users/user/Documents/Unreal Projects/LocalMultiBaseCPP/Content/Assets/BossPortal/Portal_Texture/portal_PortalText2_OcclusionRoughnessMetallic.ubulk" 184
"C:/Users/user/Documents/Unreal Projects/LocalMultiBaseCPP/Content/Assets/BossPortal/Portal_Texture/portal_PortalText2_OcclusionRoughnessMetallic.uasset" 185
"C:/Users/user/Documents/Unreal Projects/LocalMultiBaseCPP/Content/Assets/BossPortal/Portal_Texture/portal_PortalText2_OcclusionRoughnessMetallic.uexp" 186
"C:/Users/user/Documents/Unreal Projects/LocalMultiBaseCPP/Content/Assets/BossPortal/Portal_Texture/portal_PortalText2_Normal.ubulk" 187
"C:/Users/user/Documents/Unreal Projects/LocalMultiBaseCPP/Content/Assets/BossPortal/Portal_Texture/portal_PortalText2_Normal.uasset" 188
"C:/Users/user/Documents/Unreal Projects/LocalMultiBaseCPP/Content/Assets/BossPortal/Portal_Texture/portal_PortalText2_Normal.uexp" 189
"C:/Users/user/Documents/Unreal Projects/LocalMultiBaseCPP/Content/Assets/BossPortal/Portal_Texture/PortalText2.uasset" 190
"C:/Users/user/Documents/Unreal Projects/LocalMultiBaseCPP/Content/Assets/BossPortal/Portal_Texture/PortalText2.uexp" 191
"C:/Users/user/Documents/Unreal Projects/LocalMultiBaseCPP/Content/Assets/SM_BossPortal.uasset" 192
"C:/Users/user/Documents/Unreal Projects/LocalMultiBaseCPP/Content/Assets/SM_BossPortal.uexp" 193
"../../../Engine/Plugins/Runtime/MeshModelingToolset/Content/Materials/M_DynamicMeshComponentVtxColor.uasset" 194
"../../../Engine/Plugins/Runtime/MeshModelingToolset/Content/Materials/M_DynamicMeshComponentVtxColor.uexp" 195
"../../../Engine/Content/Functions/Engine_MaterialFunctions02/Utility/VectorLength.uasset" 196
"../../../Engine/Content/Functions/Engine_MaterialFunctions02/Utility/VectorLength.uexp" 197
"../../../Engine/Content/Functions/Engine_MaterialFunctions02/WorldPositionOffset/ObjectPivotPoint.uasset" 198
"../../../Engine/Content/Functions/Engine_MaterialFunctions02/WorldPositionOffset/ObjectPivotPoint.uexp" 199
"../../../Engine/Plugins/Runtime/HDRIBackdrop/Content/Materials/HDRI_Attributes.uasset" 200
"../../../Engine/Plugins/Runtime/HDRIBackdrop/Content/Materials/HDRI_Attributes.uexp" 201
"../../../Engine/Content/EngineResources/DefaultTextureCube.uasset" 202
"../../../Engine/Content/EngineResources/DefaultTextureCube.uexp" 203
"../../../Engine/Plugins/Runtime/HDRIBackdrop/Content/Materials/HDRI_Projection_Sky.uasset" 204
"../../../Engine/Plugins/Runtime/HDRIBackdrop/Content/Materials/HDRI_Projection_Sky.uexp" 205
"../../../Engine/Plugins/Runtime/HDRIBackdrop/Content/Materials/MI_HDRI_Sky.uasset" 206
"../../../Engine/Plugins/Runtime/HDRIBackdrop/Content/Materials/MI_HDRI_Sky.uexp" 207
"../../../Engine/Plugins/Runtime/HDRIBackdrop/Content/Materials/HDRI_Projection_Floor.uasset" 208
"../../../Engine/Plugins/Runtime/HDRIBackdrop/Content/Materials/HDRI_Projection_Floor.uexp" 209
"../../../Engine/Plugins/Runtime/HDRIBackdrop/Content/Materials/MI_HDRI_Floor.uasset" 210
"../../../Engine/Plugins/Runtime/HDRIBackdrop/Content/Materials/MI_HDRI_Floor.uexp" 211
"../../../Engine/Plugins/Runtime/HDRIBackdrop/Content/Textures/approaching_storm_4k.uasset" 212
"../../../Engine/Plugins/Runtime/HDRIBackdrop/Content/Textures/approaching_storm_4k.uexp" 213
"../../../Engine/Plugins/Runtime/HDRIBackdrop/Content/Meshes/EnviroDome.ubulk" 214
"../../../Engine/Plugins/Runtime/HDRIBackdrop/Content/Meshes/EnviroDome.uasset" 215
"../../../Engine/Plugins/Runtime/HDRIBackdrop/Content/Meshes/EnviroDome.uexp" 216
"../../../Engine/Plugins/Runtime/HDRIBackdrop/Content/Blueprints/HDRIBackdrop.uasset" 217
"../../../Engine/Plugins/Runtime/HDRIBackdrop/Content/Blueprints/HDRIBackdrop.uexp" 218
"../../../Engine/Plugins/Runtime/HairStrands/Content/Materials/HairMeshesDefaultMaterial.uasset" 219
"../../../Engine/Plugins/Runtime/HairStrands/Content/Materials/HairMeshesDefaultMaterial.uexp" 220
"../../../Engine/Plugins/Runtime/HairStrands/Content/Materials/HairDefaultMaterial.uasset" 221
"../../../Engine/Plugins/Runtime/HairStrands/Content/Materials/HairDefaultMaterial.uexp" 222
"../../../Engine/Plugins/Runtime/HairStrands/Content/Materials/HairGroupColors.uasset" 223
"../../../Engine/Plugins/Runtime/HairStrands/Content/Materials/HairGroupColors.uexp" 224
"../../../Engine/Content/Functions/Engine_MaterialFunctions02/Utility/MakeFloat2.uasset" 225
"../../../Engine/Content/Functions/Engine_MaterialFunctions02/Utility/MakeFloat2.uexp" 226
"../../../Engine/Content/Functions/Engine_MaterialFunctions02/Utility/MakeFloat3.uasset" 227
"../../../Engine/Content/Functions/Engine_MaterialFunctions02/Utility/MakeFloat3.uexp" 228
"../../../Engine/Content/EngineMaterials/HairColorMap.uasset" 229
"../../../Engine/Content/EngineMaterials/HairColorMap.uexp" 230
"../../../Engine/Content/EngineMaterials/HairDebugColor.uasset" 231
"../../../Engine/Content/EngineMaterials/HairDebugColor.uexp" 232
"../../../Engine/Plugins/Runtime/HairStrands/Content/Materials/HairDebugMaterial.uasset" 233
"../../../Engine/Plugins/Runtime/HairStrands/Content/Materials/HairDebugMaterial.uexp" 234
"../../../Engine/Plugins/Runtime/HairStrands/Content/Materials/HairCardsDefaultMaterial.uasset" 235
"../../../Engine/Plugins/Runtime/HairStrands/Content/Materials/HairCardsDefaultMaterial.uexp" 236
"../../../Engine/Plugins/Interchange/Runtime/Content/Pipelines/DefaultTexturePipeline.uasset" 237
"../../../Engine/Plugins/Interchange/Runtime/Content/Pipelines/DefaultTexturePipeline.uexp" 238
"../../../Engine/Plugins/Interchange/Runtime/Content/Pipelines/DefaultSceneLevelPipeline.uasset" 239
"../../../Engine/Plugins/Interchange/Runtime/Content/Pipelines/DefaultSceneLevelPipeline.uexp" 240
"../../../Engine/Plugins/Interchange/Runtime/Content/Pipelines/DefaultSceneAssetsPipeline.uasset" 241
"../../../Engine/Plugins/Interchange/Runtime/Content/Pipelines/DefaultSceneAssetsPipeline.uexp" 242
"../../../Engine/Plugins/Interchange/Runtime/Content/Pipelines/DefaultMaterialXPipeline.uasset" 243
"../../../Engine/Plugins/Interchange/Runtime/Content/Pipelines/DefaultMaterialXPipeline.uexp" 244
"../../../Engine/Plugins/Interchange/Runtime/Content/Pipelines/DefaultMaterialPipeline.uasset" 245
"../../../Engine/Plugins/Interchange/Runtime/Content/Pipelines/DefaultMaterialPipeline.uexp" 246
"../../../Engine/Plugins/Interchange/Runtime/Content/Pipelines/DefaultGLTFSceneAssetsPipeline.uasset" 247
"../../../Engine/Plugins/Interchange/Runtime/Content/Pipelines/DefaultGLTFSceneAssetsPipeline.uexp" 248
"../../../Engine/Plugins/Interchange/Runtime/Content/Pipelines/DefaultGLTFPipeline.uasset" 249
"../../../Engine/Plugins/Interchange/Runtime/Content/Pipelines/DefaultGLTFPipeline.uexp" 250
"../../../Engine/Plugins/Interchange/Runtime/Content/Pipelines/DefaultGLTFAssetsPipeline.uasset" 251
"../../../Engine/Plugins/Interchange/Runtime/Content/Pipelines/DefaultGLTFAssetsPipeline.uexp" 252
"../../../Engine/Plugins/Interchange/Runtime/Content/Pipelines/DefaultAssetsPipeline.uasset" 253
"../../../Engine/Plugins/Interchange/Runtime/Content/Pipelines/DefaultAssetsPipeline.uexp" 254
"../../../Engine/Plugins/Interchange/Runtime/Content/Functions/MX_UsdPreviewSurface.uasset" 255
"../../../Engine/Plugins/Interchange/Runtime/Content/Functions/MX_UsdPreviewSurface.uexp" 256
"../../../Engine/Plugins/Interchange/Runtime/Content/Functions/MX_UniformEDF.uasset" 257
"../../../Engine/Plugins/Interchange/Runtime/Content/Functions/MX_UniformEDF.uexp" 258
"../../../Engine/Plugins/Interchange/Runtime/Content/Functions/MX_TranslucentBSDF.uasset" 259
"../../../Engine/Plugins/Interchange/Runtime/Content/Functions/MX_TranslucentBSDF.uexp" 260
"../../../Engine/Plugins/Interchange/Runtime/Content/Functions/MX_ThinFilmBSDF.uasset" 261
"../../../Engine/Plugins/Interchange/Runtime/Content/Functions/MX_ThinFilmBSDF.uexp" 262
"../../../Engine/Plugins/Interchange/Runtime/Content/Functions/MX_SurfaceUnlit.uasset" 263
"../../../Engine/Plugins/Interchange/Runtime/Content/Functions/MX_SurfaceUnlit.uexp" 264
"../../../Engine/Plugins/Interchange/Runtime/Content/Functions/MX_Surface.uasset" 265
"../../../Engine/Plugins/Interchange/Runtime/Content/Functions/MX_Surface.uexp" 266
"../../../Engine/Plugins/Interchange/Runtime/Content/Functions/MX_SubsurfaceBSDF.uasset" 267
"../../../Engine/Plugins/Interchange/Runtime/Content/Functions/MX_SubsurfaceBSDF.uexp" 268
"../../../Engine/Plugins/Interchange/Runtime/Content/Functions/MX_SheenBSDF.uasset" 269
"../../../Engine/Plugins/Interchange/Runtime/Content/Functions/MX_SheenBSDF.uexp" 270
"../../../Engine/Plugins/Interchange/Runtime/Content/Functions/MX_OrenNayarBSDF.uasset" 271
"../../../Engine/Plugins/Interchange/Runtime/Content/Functions/MX_OrenNayarBSDF.uexp" 272
"../../../Engine/Content/Functions/Engine_MaterialFunctions02/Utility/CameraDirectionVector.uasset" 273
"../../../Engine/Content/Functions/Engine_MaterialFunctions02/Utility/CameraDirectionVector.uexp" 274
"../../../Engine/Content/Functions/Engine_MaterialFunctions01/Volumetrics/BeersLaw.uasset" 275
"../../../Engine/Content/Functions/Engine_MaterialFunctions01/Volumetrics/BeersLaw.uexp" 276
"../../../Engine/Content/EngineMaterials/Good64x64TilingNoiseHighFreq.uasset" 277
"../../../Engine/Content/EngineMaterials/Good64x64TilingNoiseHighFreq.uexp" 278
"../../../Engine/Content/Functions/Engine_MaterialFunctions02/Texturing/ScreenAlignedPixelToPixelUVs.uasset" 279
"../../../Engine/Content/Functions/Engine_MaterialFunctions02/Texturing/ScreenAlignedPixelToPixelUVs.uexp" 280
"../../../Engine/Plugins/Interchange/Runtime/Content/gltf/MaterialFunctions/MF_Temporal_Blur.uasset" 281
"../../../Engine/Plugins/Interchange/Runtime/Content/gltf/MaterialFunctions/MF_Temporal_Blur.uexp" 282
"../../../Engine/Plugins/Interchange/Runtime/Content/gltf/MaterialFunctions/MF_Fresnel_DS.uasset" 283
"../../../Engine/Plugins/Interchange/Runtime/Content/gltf/MaterialFunctions/MF_Fresnel_DS.uexp" 284
"../../../Engine/Content/Functions/Engine_MaterialFunctions02/Utility/BreakOutFloat3Components.uasset" 285
"../../../Engine/Content/Functions/Engine_MaterialFunctions02/Utility/BreakOutFloat3Components.uexp" 286
"../../../Engine/Plugins/Interchange/Runtime/Content/Functions/MX_Transmission.uasset" 287
"../../../Engine/Plugins/Interchange/Runtime/Content/Functions/MX_Transmission.uexp" 288
"../../../Engine/Plugins/Interchange/Runtime/Content/Functions/MF_OrenNayerView.uasset" 289
"../../../Engine/Plugins/Interchange/Runtime/Content/Functions/MF_OrenNayerView.uexp" 290
"../../../Engine/Plugins/Interchange/Runtime/Content/Functions/MF_SchlickApprox.uasset" 291
"../../../Engine/Plugins/Interchange/Runtime/Content/Functions/MF_SchlickApprox.uexp" 292
"../../../Engine/Plugins/Interchange/Runtime/Content/Utilities/New_LUT.uasset" 293
"../../../Engine/Plugins/Interchange/Runtime/Content/Utilities/New_LUT.uexp" 294
"../../../Engine/Content/Functions/Engine_MaterialFunctions03/Math/RemapValueRange.uasset" 295
"../../../Engine/Content/Functions/Engine_MaterialFunctions03/Math/RemapValueRange.uexp" 296
"../../../Engine/Plugins/Interchange/Runtime/Content/Functions/MF_Iridescence.uasset" 297
"../../../Engine/Plugins/Interchange/Runtime/Content/Functions/MF_Iridescence.uexp" 298
"../../../Engine/Plugins/Interchange/Runtime/Content/Functions/MX_StandardSurface.uasset" 299
"../../../Engine/Plugins/Interchange/Runtime/Content/Functions/MX_StandardSurface.uexp" 300
"../../../Engine/Plugins/Interchange/Runtime/Content/Functions/MX_TransmissionSurface.uasset" 301
"../../../Engine/Plugins/Interchange/Runtime/Content/Functions/MX_TransmissionSurface.uexp" 302
"../../../Engine/Plugins/Interchange/Runtime/Content/Functions/MX_OpenPBR_Translucent.uasset" 303
"../../../Engine/Plugins/Interchange/Runtime/Content/Functions/MX_OpenPBR_Translucent.uexp" 304
"../../../Engine/Plugins/Interchange/Runtime/Content/Functions/MX_OpenPBR_Opaque.uasset" 305
"../../../Engine/Plugins/Interchange/Runtime/Content/Functions/MX_OpenPBR_Opaque.uexp" 306
"../../../Engine/Plugins/Interchange/Runtime/Content/Functions/MX_MeasuredEDF.uasset" 307
"../../../Engine/Plugins/Interchange/Runtime/Content/Functions/MX_MeasuredEDF.uexp" 308
"../../../Engine/Plugins/Interchange/Runtime/Content/Functions/MX_GeneralizedSchlickBSDF.uasset" 309
"../../../Engine/Plugins/Interchange/Runtime/Content/Functions/MX_GeneralizedSchlickBSDF.uexp" 310
"../../../Engine/Plugins/Interchange/Runtime/Content/Functions/MX_DielectricBSDF.uasset" 311
"../../../Engine/Plugins/Interchange/Runtime/Content/Functions/MX_DielectricBSDF.uexp" 312
"../../../Engine/Plugins/Interchange/Runtime/Content/Functions/MX_ConicalEDF.uasset" 313
"../../../Engine/Plugins/Interchange/Runtime/Content/Functions/MX_ConicalEDF.uexp" 314
"../../../Engine/Plugins/Interchange/Runtime/Content/Functions/MX_ConductorBSDF.uasset" 315
"../../../Engine/Plugins/Interchange/Runtime/Content/Functions/MX_ConductorBSDF.uexp" 316
"../../../Engine/Plugins/Interchange/Runtime/Content/Functions/MX_BurleyDiffuseBSDF.uasset" 317
"../../../Engine/Plugins/Interchange/Runtime/Content/Functions/MX_BurleyDiffuseBSDF.uexp" 318
"../../../Engine/Plugins/Interchange/Runtime/Content/Functions/MX_AnisotropicVDF.uasset" 319
"../../../Engine/Plugins/Interchange/Runtime/Content/Functions/MX_AnisotropicVDF.uexp" 320
"../../../Engine/Plugins/Interchange/Runtime/Content/Functions/MX_AbsorptionVDF.uasset" 321
"../../../Engine/Plugins/Interchange/Runtime/Content/Functions/MX_AbsorptionVDF.uexp" 322
"../../../Engine/Plugins/Editor/SpeedTreeImporter/Content/SpeedTree9/game_wind_noise.ubulk" 323
"../../../Engine/Plugins/Editor/SpeedTreeImporter/Content/SpeedTree9/game_wind_noise.uasset" 324
"../../../Engine/Plugins/Editor/SpeedTreeImporter/Content/SpeedTree9/game_wind_noise.uexp" 325
"../../../Engine/Plugins/Editor/SpeedTreeImporter/Content/SpeedTree9/UnpackDirection.uasset" 326
"../../../Engine/Plugins/Editor/SpeedTreeImporter/Content/SpeedTree9/UnpackDirection.uexp" 327
"../../../Engine/Content/Functions/Engine_MaterialFunctions02/ObjectLocalBounds.uasset" 328
"../../../Engine/Content/Functions/Engine_MaterialFunctions02/ObjectLocalBounds.uexp" 329
"../../../Engine/Content/Functions/Engine_MaterialFunctions02/UVs/BoundingBoxBased_0-1_UVW.uasset" 330
"../../../Engine/Content/Functions/Engine_MaterialFunctions02/UVs/BoundingBoxBased_0-1_UVW.uexp" 331
"../../../Engine/Plugins/Editor/SpeedTreeImporter/Content/SpeedTree9/UnpackInteger3.uasset" 332
"../../../Engine/Plugins/Editor/SpeedTreeImporter/Content/SpeedTree9/UnpackInteger3.uexp" 333
"../../../Engine/Plugins/Editor/SpeedTreeImporter/Content/SpeedTree9/SpeedTreeCameraFacing.uasset" 334
"../../../Engine/Plugins/Editor/SpeedTreeImporter/Content/SpeedTree9/SpeedTreeCameraFacing.uexp" 335
"../../../Engine/Content/Functions/Engine_MaterialFunctions02/WorldPositionOffset/ObjectScale.uasset" 336
"../../../Engine/Content/Functions/Engine_MaterialFunctions02/WorldPositionOffset/ObjectScale.uexp" 337
"../../../Engine/Content/Functions/Engine_MaterialFunctions02/SafeNormalize.uasset" 338
"../../../Engine/Content/Functions/Engine_MaterialFunctions02/SafeNormalize.uexp" 339
"../../../Engine/Plugins/Editor/SpeedTreeImporter/Content/SpeedTree9/SpeedTreeWindMotion.uasset" 340
"../../../Engine/Plugins/Editor/SpeedTreeImporter/Content/SpeedTree9/SpeedTreeWindMotion.uexp" 341
"../../../Engine/Plugins/Editor/SpeedTreeImporter/Content/SpeedTree9/SpeedTreeBranchMotion.uasset" 342
"../../../Engine/Plugins/Editor/SpeedTreeImporter/Content/SpeedTree9/SpeedTreeBranchMotion.uexp" 343
"../../../Engine/Plugins/Editor/SpeedTreeImporter/Content/SpeedTree9/SpeedTreeWind.uasset" 344
"../../../Engine/Plugins/Editor/SpeedTreeImporter/Content/SpeedTree9/SpeedTreeWind.uexp" 345
"../../../Engine/Plugins/Editor/SpeedTreeImporter/Content/SpeedTree9/EmptyNormal.uasset" 346
"../../../Engine/Plugins/Editor/SpeedTreeImporter/Content/SpeedTree9/EmptyNormal.uexp" 347
"../../../Engine/Plugins/Editor/SpeedTreeImporter/Content/SpeedTree9/Empty.uasset" 348
"../../../Engine/Plugins/Editor/SpeedTreeImporter/Content/SpeedTree9/Empty.uexp" 349
"../../../Engine/Plugins/Editor/SpeedTreeImporter/Content/SpeedTree9/SpeedTreeMaster.uasset" 350
"../../../Engine/Plugins/Editor/SpeedTreeImporter/Content/SpeedTree9/SpeedTreeMaster.uexp" 351
"../../../Engine/Plugins/Editor/SpeedTreeImporter/Content/SpeedTree9/SpeedTreeBillboard.uasset" 352
"../../../Engine/Plugins/Editor/SpeedTreeImporter/Content/SpeedTree9/SpeedTreeBillboard.uexp" 353
"../../../Engine/Plugins/Editor/SpeedTreeImporter/Content/SpeedTree9/SpeedTreeBillboardMaster.uasset" 354
"../../../Engine/Plugins/Editor/SpeedTreeImporter/Content/SpeedTree9/SpeedTreeBillboardMaster.uexp" 355
"../../../Engine/Plugins/Animation/DeformerGraph/Content/Deformers/DG_LinearBlendSkin_Morph_Cloth_RecomputeNormals.uasset" 356
"../../../Engine/Plugins/Animation/DeformerGraph/Content/Deformers/DG_LinearBlendSkin_Morph_Cloth_RecomputeNormals.uexp" 357
"../../../Engine/Plugins/Animation/DeformerGraph/Content/Deformers/DG_LinearBlendSkin_Morph_Cloth.uasset" 358
"../../../Engine/Plugins/Animation/DeformerGraph/Content/Deformers/DG_LinearBlendSkin_Morph_Cloth.uexp" 359
"../../../Engine/Content/Functions/Engine_MaterialFunctions02/WorldPositionOffset/CameraOffset.uasset" 360
"../../../Engine/Content/Functions/Engine_MaterialFunctions02/WorldPositionOffset/CameraOffset.uexp" 361
"../../../Engine/Plugins/Animation/ControlRig/Content/M_Manip.uasset" 362
"../../../Engine/Plugins/Animation/ControlRig/Content/M_Manip.uexp" 363
"../../../Engine/Plugins/Animation/ControlRig/Content/Controls/DefaultGizmoLibraryNormalized.uasset" 364
"../../../Engine/Plugins/Animation/ControlRig/Content/Controls/DefaultGizmoLibraryNormalized.uexp" 365
"../../../Engine/Plugins/Animation/ControlRig/Content/Controls/ControlRig_Wedge_solid.ubulk" 366
"../../../Engine/Plugins/Animation/ControlRig/Content/Controls/ControlRig_Wedge_solid.uasset" 367
"../../../Engine/Plugins/Animation/ControlRig/Content/Controls/ControlRig_Wedge_solid.uexp" 368
"../../../Engine/Plugins/Animation/ControlRig/Content/Controls/ControlRig_Wedge_3mm.ubulk" 369
"../../../Engine/Plugins/Animation/ControlRig/Content/Controls/ControlRig_Wedge_3mm.uasset" 370
"../../../Engine/Plugins/Animation/ControlRig/Content/Controls/ControlRig_Wedge_3mm.uexp" 371
"../../../Engine/Plugins/Animation/ControlRig/Content/Controls/ControlRig_Wedge_1mm.ubulk" 372
"../../../Engine/Plugins/Animation/ControlRig/Content/Controls/ControlRig_Wedge_1mm.uasset" 373
"../../../Engine/Plugins/Animation/ControlRig/Content/Controls/ControlRig_Wedge_1mm.uexp" 374
"../../../Engine/Plugins/Animation/ControlRig/Content/Controls/ControlRig_Triangle_solid.ubulk" 375
"../../../Engine/Plugins/Animation/ControlRig/Content/Controls/ControlRig_Triangle_solid.uasset" 376
"../../../Engine/Plugins/Animation/ControlRig/Content/Controls/ControlRig_Triangle_solid.uexp" 377
"../../../Engine/Plugins/Animation/ControlRig/Content/Controls/ControlRig_Triangle_3mm.ubulk" 378
"../../../Engine/Plugins/Animation/ControlRig/Content/Controls/ControlRig_Triangle_3mm.uasset" 379
"../../../Engine/Plugins/Animation/ControlRig/Content/Controls/ControlRig_Triangle_3mm.uexp" 380
"../../../Engine/Plugins/Animation/ControlRig/Content/Controls/ControlRig_Triangle_1mm.ubulk" 381
"../../../Engine/Plugins/Animation/ControlRig/Content/Controls/ControlRig_Triangle_1mm.uasset" 382
"../../../Engine/Plugins/Animation/ControlRig/Content/Controls/ControlRig_Triangle_1mm.uexp" 383
"../../../Engine/Plugins/Animation/ControlRig/Content/Controls/ControlRig_Star4_solid.ubulk" 384
"../../../Engine/Plugins/Animation/ControlRig/Content/Controls/ControlRig_Star4_solid.uasset" 385
"../../../Engine/Plugins/Animation/ControlRig/Content/Controls/ControlRig_Star4_solid.uexp" 386
"../../../Engine/Plugins/Animation/ControlRig/Content/Controls/ControlRig_Star4_3mm.ubulk" 387
"../../../Engine/Plugins/Animation/ControlRig/Content/Controls/ControlRig_Star4_3mm.uasset" 388
"../../../Engine/Plugins/Animation/ControlRig/Content/Controls/ControlRig_Star4_3mm.uexp" 389
"../../../Engine/Plugins/Animation/ControlRig/Content/Controls/ControlRig_Star4_1mm.ubulk" 390
"../../../Engine/Plugins/Animation/ControlRig/Content/Controls/ControlRig_Star4_1mm.uasset" 391
"../../../Engine/Plugins/Animation/ControlRig/Content/Controls/ControlRig_Star4_1mm.uexp" 392
"../../../Engine/Plugins/Animation/ControlRig/Content/Controls/ControlRig_Square_solid.ubulk" 393
"../../../Engine/Plugins/Animation/ControlRig/Content/Controls/ControlRig_Square_solid.uasset" 394
"../../../Engine/Plugins/Animation/ControlRig/Content/Controls/ControlRig_Square_solid.uexp" 395
"../../../Engine/Plugins/Animation/ControlRig/Content/Controls/ControlRig_Square_3mm.ubulk" 396
"../../../Engine/Plugins/Animation/ControlRig/Content/Controls/ControlRig_Square_3mm.uasset" 397
"../../../Engine/Plugins/Animation/ControlRig/Content/Controls/ControlRig_Square_3mm.uexp" 398
"../../../Engine/Plugins/Animation/ControlRig/Content/Controls/ControlRig_Square_1mm.ubulk" 399
"../../../Engine/Plugins/Animation/ControlRig/Content/Controls/ControlRig_Square_1mm.uasset" 400
"../../../Engine/Plugins/Animation/ControlRig/Content/Controls/ControlRig_Square_1mm.uexp" 401
"../../../Engine/Plugins/Animation/ControlRig/Content/Controls/ControlRig_Sphere_solid.ubulk" 402
"../../../Engine/Plugins/Animation/ControlRig/Content/Controls/ControlRig_Sphere_solid.uasset" 403
"../../../Engine/Plugins/Animation/ControlRig/Content/Controls/ControlRig_Sphere_solid.uexp" 404
"../../../Engine/Plugins/Animation/ControlRig/Content/Controls/ControlRig_Sphere_3mm.ubulk" 405
"../../../Engine/Plugins/Animation/ControlRig/Content/Controls/ControlRig_Sphere_3mm.uasset" 406
"../../../Engine/Plugins/Animation/ControlRig/Content/Controls/ControlRig_Sphere_3mm.uexp" 407
"../../../Engine/Plugins/Animation/ControlRig/Content/Controls/ControlRig_Sphere_1mm.ubulk" 408
"../../../Engine/Plugins/Animation/ControlRig/Content/Controls/ControlRig_Sphere_1mm.uasset" 409
"../../../Engine/Plugins/Animation/ControlRig/Content/Controls/ControlRig_Sphere_1mm.uexp" 410
"../../../Engine/Plugins/Animation/ControlRig/Content/Controls/ControlRig_RoundedTriangle_solid.ubulk" 411
"../../../Engine/Plugins/Animation/ControlRig/Content/Controls/ControlRig_RoundedTriangle_solid.uasset" 412
"../../../Engine/Plugins/Animation/ControlRig/Content/Controls/ControlRig_RoundedTriangle_solid.uexp" 413
"../../../Engine/Plugins/Animation/ControlRig/Content/Controls/ControlRig_RoundedTriangle_3mm.ubulk" 414
"../../../Engine/Plugins/Animation/ControlRig/Content/Controls/ControlRig_RoundedTriangle_3mm.uasset" 415
"../../../Engine/Plugins/Animation/ControlRig/Content/Controls/ControlRig_RoundedTriangle_3mm.uexp" 416
"../../../Engine/Plugins/Animation/ControlRig/Content/Controls/ControlRig_RoundedTriangle_1mm.ubulk" 417
"../../../Engine/Plugins/Animation/ControlRig/Content/Controls/ControlRig_RoundedTriangle_1mm.uasset" 418
"../../../Engine/Plugins/Animation/ControlRig/Content/Controls/ControlRig_RoundedTriangle_1mm.uexp" 419
"../../../Engine/Plugins/Animation/ControlRig/Content/Controls/ControlRig_RoundedSquare_solid.ubulk" 420
"../../../Engine/Plugins/Animation/ControlRig/Content/Controls/ControlRig_RoundedSquare_solid.uasset" 421
"../../../Engine/Plugins/Animation/ControlRig/Content/Controls/ControlRig_RoundedSquare_solid.uexp" 422
"../../../Engine/Plugins/Animation/ControlRig/Content/Controls/ControlRig_RoundedSquare_3mm.ubulk" 423
"../../../Engine/Plugins/Animation/ControlRig/Content/Controls/ControlRig_RoundedSquare_3mm.uasset" 424
"../../../Engine/Plugins/Animation/ControlRig/Content/Controls/ControlRig_RoundedSquare_3mm.uexp" 425
"../../../Engine/Plugins/Animation/ControlRig/Content/Controls/ControlRig_RoundedSquare_1mm.ubulk" 426
"../../../Engine/Plugins/Animation/ControlRig/Content/Controls/ControlRig_RoundedSquare_1mm.uasset" 427
"../../../Engine/Plugins/Animation/ControlRig/Content/Controls/ControlRig_RoundedSquare_1mm.uexp" 428
"../../../Engine/Plugins/Animation/ControlRig/Content/Controls/ControlRig_QuarterCircle_solid.ubulk" 429
"../../../Engine/Plugins/Animation/ControlRig/Content/Controls/ControlRig_QuarterCircle_solid.uasset" 430
"../../../Engine/Plugins/Animation/ControlRig/Content/Controls/ControlRig_QuarterCircle_solid.uexp" 431
"../../../Engine/Plugins/Animation/ControlRig/Content/Controls/ControlRig_QuarterCircle_3mm.ubulk" 432
"../../../Engine/Plugins/Animation/ControlRig/Content/Controls/ControlRig_QuarterCircle_3mm.uasset" 433
"../../../Engine/Plugins/Animation/ControlRig/Content/Controls/ControlRig_QuarterCircle_3mm.uexp" 434
"../../../Engine/Plugins/Animation/ControlRig/Content/Controls/ControlRig_QuarterCircle_1mm.ubulk" 435
"../../../Engine/Plugins/Animation/ControlRig/Content/Controls/ControlRig_QuarterCircle_1mm.uasset" 436
"../../../Engine/Plugins/Animation/ControlRig/Content/Controls/ControlRig_QuarterCircle_1mm.uexp" 437
"../../../Engine/Plugins/Animation/ControlRig/Content/Controls/ControlRig_Pyramid_solid.ubulk" 438
"../../../Engine/Plugins/Animation/ControlRig/Content/Controls/ControlRig_Pyramid_solid.uasset" 439
"../../../Engine/Plugins/Animation/ControlRig/Content/Controls/ControlRig_Pyramid_solid.uexp" 440
"../../../Engine/Plugins/Animation/ControlRig/Content/Controls/ControlRig_Pyramid_3mm.ubulk" 441
"../../../Engine/Plugins/Animation/ControlRig/Content/Controls/ControlRig_Pyramid_3mm.uasset" 442
"../../../Engine/Plugins/Animation/ControlRig/Content/Controls/ControlRig_Pyramid_3mm.uexp" 443
"../../../Engine/Plugins/Animation/ControlRig/Content/Controls/ControlRig_Pyramid_1mm.ubulk" 444
"../../../Engine/Plugins/Animation/ControlRig/Content/Controls/ControlRig_Pyramid_1mm.uasset" 445
"../../../Engine/Plugins/Animation/ControlRig/Content/Controls/ControlRig_Pyramid_1mm.uexp" 446
"../../../Engine/Plugins/Animation/ControlRig/Content/Controls/ControlRig_Octagon_solid.ubulk" 447
"../../../Engine/Plugins/Animation/ControlRig/Content/Controls/ControlRig_Octagon_solid.uasset" 448
"../../../Engine/Plugins/Animation/ControlRig/Content/Controls/ControlRig_Octagon_solid.uexp" 449
"../../../Engine/Plugins/Animation/ControlRig/Content/Controls/ControlRig_Octagon_3mm.ubulk" 450
"../../../Engine/Plugins/Animation/ControlRig/Content/Controls/ControlRig_Octagon_3mm.uasset" 451
"../../../Engine/Plugins/Animation/ControlRig/Content/Controls/ControlRig_Octagon_3mm.uexp" 452
"../../../Engine/Plugins/Animation/ControlRig/Content/Controls/ControlRig_Octagon_1mm.ubulk" 453
"../../../Engine/Plugins/Animation/ControlRig/Content/Controls/ControlRig_Octagon_1mm.uasset" 454
"../../../Engine/Plugins/Animation/ControlRig/Content/Controls/ControlRig_Octagon_1mm.uexp" 455
"../../../Engine/Plugins/Animation/ControlRig/Content/Controls/ControlRig_Hexagon_solid.ubulk" 456
"../../../Engine/Plugins/Animation/ControlRig/Content/Controls/ControlRig_Hexagon_solid.uasset" 457
"../../../Engine/Plugins/Animation/ControlRig/Content/Controls/ControlRig_Hexagon_solid.uexp" 458
"../../../Engine/Plugins/Animation/ControlRig/Content/Controls/ControlRig_Hexagon_3mm.ubulk" 459
"../../../Engine/Plugins/Animation/ControlRig/Content/Controls/ControlRig_Hexagon_3mm.uasset" 460
"../../../Engine/Plugins/Animation/ControlRig/Content/Controls/ControlRig_Hexagon_3mm.uexp" 461
"../../../Engine/Plugins/Animation/ControlRig/Content/Controls/ControlRig_Hexagon_1mm.ubulk" 462
"../../../Engine/Plugins/Animation/ControlRig/Content/Controls/ControlRig_Hexagon_1mm.uasset" 463
"../../../Engine/Plugins/Animation/ControlRig/Content/Controls/ControlRig_Hexagon_1mm.uexp" 464
"../../../Engine/Plugins/Animation/ControlRig/Content/Controls/ControlRig_HalfCircle_solid.ubulk" 465
"../../../Engine/Plugins/Animation/ControlRig/Content/Controls/ControlRig_HalfCircle_solid.uasset" 466
"../../../Engine/Plugins/Animation/ControlRig/Content/Controls/ControlRig_HalfCircle_solid.uexp" 467
"../../../Engine/Plugins/Animation/ControlRig/Content/Controls/ControlRig_HalfCircle_3mm.ubulk" 468
"../../../Engine/Plugins/Animation/ControlRig/Content/Controls/ControlRig_HalfCircle_3mm.uasset" 469
"../../../Engine/Plugins/Animation/ControlRig/Content/Controls/ControlRig_HalfCircle_3mm.uexp" 470
"../../../Engine/Plugins/Animation/ControlRig/Content/Controls/ControlRig_HalfCircle_1mm.ubulk" 471
"../../../Engine/Plugins/Animation/ControlRig/Content/Controls/ControlRig_HalfCircle_1mm.uasset" 472
"../../../Engine/Plugins/Animation/ControlRig/Content/Controls/ControlRig_HalfCircle_1mm.uexp" 473
"../../../Engine/Plugins/Animation/ControlRig/Content/Controls/ControlRig_Diamond_solid.ubulk" 474
"../../../Engine/Plugins/Animation/ControlRig/Content/Controls/ControlRig_Diamond_solid.uasset" 475
"../../../Engine/Plugins/Animation/ControlRig/Content/Controls/ControlRig_Diamond_solid.uexp" 476
"../../../Engine/Plugins/Animation/ControlRig/Content/Controls/ControlRig_Diamond_3mm.ubulk" 477
"../../../Engine/Plugins/Animation/ControlRig/Content/Controls/ControlRig_Diamond_3mm.uasset" 478
"../../../Engine/Plugins/Animation/ControlRig/Content/Controls/ControlRig_Diamond_3mm.uexp" 479
"../../../Engine/Plugins/Animation/ControlRig/Content/Controls/ControlRig_Diamond_1mm.ubulk" 480
"../../../Engine/Plugins/Animation/ControlRig/Content/Controls/ControlRig_Diamond_1mm.uasset" 481
"../../../Engine/Plugins/Animation/ControlRig/Content/Controls/ControlRig_Diamond_1mm.uexp" 482
"../../../Engine/Plugins/Animation/ControlRig/Content/Controls/ControlRig_Circle_solid.ubulk" 483
"../../../Engine/Plugins/Animation/ControlRig/Content/Controls/ControlRig_Circle_solid.uasset" 484
"../../../Engine/Plugins/Animation/ControlRig/Content/Controls/ControlRig_Circle_solid.uexp" 485
"../../../Engine/Plugins/Animation/ControlRig/Content/Controls/ControlRig_Circle_3mm.ubulk" 486
"../../../Engine/Plugins/Animation/ControlRig/Content/Controls/ControlRig_Circle_3mm.uasset" 487
"../../../Engine/Plugins/Animation/ControlRig/Content/Controls/ControlRig_Circle_3mm.uexp" 488
"../../../Engine/Plugins/Animation/ControlRig/Content/Controls/ControlRig_Circle_1mm.ubulk" 489
"../../../Engine/Plugins/Animation/ControlRig/Content/Controls/ControlRig_Circle_1mm.uasset" 490
"../../../Engine/Plugins/Animation/ControlRig/Content/Controls/ControlRig_Circle_1mm.uexp" 491
"../../../Engine/Plugins/Animation/ControlRig/Content/Controls/ControlRig_Box_solid.ubulk" 492
"../../../Engine/Plugins/Animation/ControlRig/Content/Controls/ControlRig_Box_solid.uasset" 493
"../../../Engine/Plugins/Animation/ControlRig/Content/Controls/ControlRig_Box_solid.uexp" 494
"../../../Engine/Plugins/Animation/ControlRig/Content/Controls/ControlRig_Box_3mm.ubulk" 495
"../../../Engine/Plugins/Animation/ControlRig/Content/Controls/ControlRig_Box_3mm.uasset" 496
"../../../Engine/Plugins/Animation/ControlRig/Content/Controls/ControlRig_Box_3mm.uexp" 497
"../../../Engine/Plugins/Animation/ControlRig/Content/Controls/ControlRig_Box_1mm.ubulk" 498
"../../../Engine/Plugins/Animation/ControlRig/Content/Controls/ControlRig_Box_1mm.uasset" 499
"../../../Engine/Plugins/Animation/ControlRig/Content/Controls/ControlRig_Box_1mm.uexp" 500
"../../../Engine/Plugins/Animation/ControlRig/Content/Controls/ControlRig_Arrow_solid.ubulk" 501
"../../../Engine/Plugins/Animation/ControlRig/Content/Controls/ControlRig_Arrow_solid.uasset" 502
"../../../Engine/Plugins/Animation/ControlRig/Content/Controls/ControlRig_Arrow_solid.uexp" 503
"../../../Engine/Plugins/Animation/ControlRig/Content/Controls/ControlRig_Arrow_3mm.ubulk" 504
"../../../Engine/Plugins/Animation/ControlRig/Content/Controls/ControlRig_Arrow_3mm.uasset" 505
"../../../Engine/Plugins/Animation/ControlRig/Content/Controls/ControlRig_Arrow_3mm.uexp" 506
"../../../Engine/Plugins/Animation/ControlRig/Content/Controls/ControlRig_Arrow_1mm.ubulk" 507
"../../../Engine/Plugins/Animation/ControlRig/Content/Controls/ControlRig_Arrow_1mm.uasset" 508
"../../../Engine/Plugins/Animation/ControlRig/Content/Controls/ControlRig_Arrow_1mm.uexp" 509
"../../../Engine/Plugins/Animation/ControlRig/Content/Controls/ControlRig_Arrow4_solid.ubulk" 510
"../../../Engine/Plugins/Animation/ControlRig/Content/Controls/ControlRig_Arrow4_solid.uasset" 511
"../../../Engine/Plugins/Animation/ControlRig/Content/Controls/ControlRig_Arrow4_solid.uexp" 512
"../../../Engine/Plugins/Animation/ControlRig/Content/Controls/ControlRig_Arrow4_3mm.ubulk" 513
"../../../Engine/Plugins/Animation/ControlRig/Content/Controls/ControlRig_Arrow4_3mm.uasset" 514
"../../../Engine/Plugins/Animation/ControlRig/Content/Controls/ControlRig_Arrow4_3mm.uexp" 515
"../../../Engine/Plugins/Animation/ControlRig/Content/Controls/ControlRig_Arrow4_1mm.ubulk" 516
"../../../Engine/Plugins/Animation/ControlRig/Content/Controls/ControlRig_Arrow4_1mm.uasset" 517
"../../../Engine/Plugins/Animation/ControlRig/Content/Controls/ControlRig_Arrow4_1mm.uexp" 518
"../../../Engine/Plugins/Animation/ControlRig/Content/Controls/ControlRig_Arrow2_solid.ubulk" 519
"../../../Engine/Plugins/Animation/ControlRig/Content/Controls/ControlRig_Arrow2_solid.uasset" 520
"../../../Engine/Plugins/Animation/ControlRig/Content/Controls/ControlRig_Arrow2_solid.uexp" 521
"../../../Engine/Plugins/Animation/ControlRig/Content/Controls/ControlRig_Arrow2_3mm.ubulk" 522
"../../../Engine/Plugins/Animation/ControlRig/Content/Controls/ControlRig_Arrow2_3mm.uasset" 523
"../../../Engine/Plugins/Animation/ControlRig/Content/Controls/ControlRig_Arrow2_3mm.uexp" 524
"../../../Engine/Plugins/Animation/ControlRig/Content/Controls/ControlRig_Arrow2_1mm.ubulk" 525
"../../../Engine/Plugins/Animation/ControlRig/Content/Controls/ControlRig_Arrow2_1mm.uasset" 526
"../../../Engine/Plugins/Animation/ControlRig/Content/Controls/ControlRig_Arrow2_1mm.uexp" 527
"../../../Engine/Plugins/Animation/ControlRig/Content/Controls/ControlRigXRayMaterial.uasset" 528
"../../../Engine/Plugins/Animation/ControlRig/Content/Controls/ControlRigXRayMaterial.uexp" 529
"../../../Engine/Plugins/Animation/ControlRig/Content/Controls/ControlRigGizmoMaterial.uasset" 530
"../../../Engine/Plugins/Animation/ControlRig/Content/Controls/ControlRigGizmoMaterial.uexp" 531
"../../../Engine/Plugins/2D/Paper2D/Content/PlaceholderTextures/DummySpriteTexture.ubulk" 532
"../../../Engine/Plugins/2D/Paper2D/Content/PlaceholderTextures/DummySpriteTexture.uasset" 533
"../../../Engine/Plugins/2D/Paper2D/Content/PlaceholderTextures/DummySpriteTexture.uexp" 534
"../../../Engine/Plugins/2D/Paper2D/Content/DefaultSpriteMaterial.uasset" 535
"../../../Engine/Plugins/2D/Paper2D/Content/DefaultSpriteMaterial.uexp" 536
"../../../Engine/Plugins/2D/Paper2D/Content/OpaqueUnlitSpriteMaterial.uasset" 537
"../../../Engine/Plugins/2D/Paper2D/Content/OpaqueUnlitSpriteMaterial.uexp" 538
"../../../Engine/Plugins/2D/Paper2D/Content/MaskedUnlitSpriteMaterial.uasset" 539
"../../../Engine/Plugins/2D/Paper2D/Content/MaskedUnlitSpriteMaterial.uexp" 540
"../../../Engine/Plugins/2D/Paper2D/Content/DummySprite.uasset" 541
"../../../Engine/Plugins/2D/Paper2D/Content/DummySprite.uexp" 542
"../../../Engine/Plugins/2D/Paper2D/Content/DefaultPaperTerrainMaterial.uasset" 543
"../../../Engine/Plugins/2D/Paper2D/Content/DefaultPaperTerrainMaterial.uexp" 544
"../../../Engine/Content/VREditor/TransformGizmo/StartRotationHandleIndicator.ubulk" 545
"../../../Engine/Content/VREditor/TransformGizmo/StartRotationHandleIndicator.uasset" 546
"../../../Engine/Content/VREditor/TransformGizmo/StartRotationHandleIndicator.uexp" 547
"../../../Engine/Content/VREditor/Sounds/UI/Drop_Item_From_ContentBrowser.ubulk" 548
"../../../Engine/Content/VREditor/Sounds/UI/Drop_Item_From_ContentBrowser.uasset" 549
"../../../Engine/Content/VREditor/Sounds/UI/Drop_Item_From_ContentBrowser.uexp" 550
"../../../Engine/Content/VREditor/TransformGizmo/PlaneTranslationHandle.ubulk" 551
"../../../Engine/Content/VREditor/TransformGizmo/PlaneTranslationHandle.uasset" 552
"../../../Engine/Content/VREditor/TransformGizmo/PlaneTranslationHandle.uexp" 553
"../../../Engine/Content/VREditor/Sounds/UI/Object_Snaps_To_Grid.ubulk" 554
"../../../Engine/Content/VREditor/Sounds/UI/Object_Snaps_To_Grid.uasset" 555
"../../../Engine/Content/VREditor/Sounds/UI/Object_Snaps_To_Grid.uexp" 556
"../../../Engine/Content/VREditor/Sounds/UI/Selection_Changes.ubulk" 557
"../../../Engine/Content/VREditor/Sounds/UI/Selection_Changes.uasset" 558
"../../../Engine/Content/VREditor/Sounds/UI/Selection_Changes.uexp" 559
"../../../Engine/Content/VREditor/Sounds/UI/Object_Snaps_To_Another_Actor.ubulk" 560
"../../../Engine/Content/VREditor/Sounds/UI/Object_Snaps_To_Another_Actor.uasset" 561
"../../../Engine/Content/VREditor/Sounds/UI/Object_Snaps_To_Another_Actor.uexp" 562
"../../../Engine/Content/VREditor/TransformGizmo/TranslucentTransformGizmoMaterial_Inst.uasset" 563
"../../../Engine/Content/VREditor/TransformGizmo/TranslucentTransformGizmoMaterial_Inst.uexp" 564
"../../../Engine/Content/VREditor/TransformGizmo/TransformGizmoFreeRotation.ubulk" 565
"../../../Engine/Content/VREditor/TransformGizmo/TransformGizmoFreeRotation.uasset" 566
"../../../Engine/Content/VREditor/TransformGizmo/TransformGizmoFreeRotation.uexp" 567
"../../../Engine/Content/VREditor/Sounds/UI/Scaling_Down.ubulk" 568
"../../../Engine/Content/VREditor/Sounds/UI/Scaling_Down.uasset" 569
"../../../Engine/Content/VREditor/Sounds/UI/Scaling_Down.uexp" 570
"../../../Engine/Content/Functions/Engine_MaterialFunctions02/Math/Transform3x3Matrix.uasset" 571
"../../../Engine/Content/Functions/Engine_MaterialFunctions02/Math/Transform3x3Matrix.uexp" 572
"../../../Engine/Content/Functions/Engine_MaterialFunctions02/SplitComponents.uasset" 573
"../../../Engine/Content/Functions/Engine_MaterialFunctions02/SplitComponents.uexp" 574
"../../../Engine/Content/VREditor/SnapGrid/SnapGridMaterial.uasset" 575
"../../../Engine/Content/VREditor/SnapGrid/SnapGridMaterial.uexp" 576
"../../../Engine/Content/VREditor/SnapGrid/SnapGridPlaneMesh.ubulk" 577
"../../../Engine/Content/VREditor/SnapGrid/SnapGridPlaneMesh.uasset" 578
"../../../Engine/Content/VREditor/SnapGrid/SnapGridPlaneMesh.uexp" 579
"../../../Engine/Content/VREditor/Sounds/UI/Scaling_Up.ubulk" 580
"../../../Engine/Content/VREditor/Sounds/UI/Scaling_Up.uasset" 581
"../../../Engine/Content/VREditor/Sounds/UI/Scaling_Up.uexp" 582
"../../../Engine/Content/VREditor/TransformGizmo/TransformGizmoMaterial_Inst.uasset" 583
"../../../Engine/Content/VREditor/TransformGizmo/TransformGizmoMaterial_Inst.uexp" 584
"../../../Engine/Content/VREditor/Sounds/UI/Gizmo_Handle_Clicked.ubulk" 585
"../../../Engine/Content/VREditor/Sounds/UI/Gizmo_Handle_Clicked.uasset" 586
"../../../Engine/Content/VREditor/Sounds/UI/Gizmo_Handle_Clicked.uexp" 587
"../../../Engine/Content/VREditor/TransformGizmo/RotationHandleQuarter.ubulk" 588
"../../../Engine/Content/VREditor/TransformGizmo/RotationHandleQuarter.uasset" 589
"../../../Engine/Content/VREditor/TransformGizmo/RotationHandleQuarter.uexp" 590
"../../../Engine/Content/VREditor/TransformGizmo/TranslateArrowHandle.ubulk" 591
"../../../Engine/Content/VREditor/TransformGizmo/TranslateArrowHandle.uasset" 592
"../../../Engine/Content/VREditor/TransformGizmo/TranslateArrowHandle.uexp" 593
"../../../Engine/Content/VREditor/TransformGizmo/RotationHandleIndicator.ubulk" 594
"../../../Engine/Content/VREditor/TransformGizmo/RotationHandleIndicator.uasset" 595
"../../../Engine/Content/VREditor/TransformGizmo/RotationHandleIndicator.uexp" 596
"../../../Engine/Content/VREditor/TransformGizmo/UniformScaleHandle.ubulk" 597
"../../../Engine/Content/VREditor/TransformGizmo/UniformScaleHandle.uasset" 598
"../../../Engine/Content/VREditor/TransformGizmo/UniformScaleHandle.uexp" 599
"../../../Engine/Content/VREditor/TransformGizmo/RotationHandleFull.ubulk" 600
"../../../Engine/Content/VREditor/TransformGizmo/RotationHandleFull.uasset" 601
"../../../Engine/Content/VREditor/TransformGizmo/RotationHandleFull.uexp" 602
"../../../Engine/Content/VREditor/Sounds/UI/Object_PickUp.ubulk" 603
"../../../Engine/Content/VREditor/Sounds/UI/Object_PickUp.uasset" 604
"../../../Engine/Content/VREditor/Sounds/UI/Object_PickUp.uexp" 605
"../../../Engine/Content/EngineSounds/Master.uasset" 606
"../../../Engine/Content/EngineSounds/Master.uexp" 607
"../../../Engine/Content/EngineResources/WhiteSquareTexture.uasset" 608
"../../../Engine/Content/EngineResources/WhiteSquareTexture.uexp" 609
"../../../Engine/Content/EngineMaterials/Widget3DPassThrough.uasset" 610
"../../../Engine/Content/EngineMaterials/Widget3DPassThrough.uexp" 611
"../../../Engine/Content/EngineMaterials/Widget3DPassThrough_Translucent.uasset" 612
"../../../Engine/Content/EngineMaterials/Widget3DPassThrough_Translucent.uexp" 613
"../../../Engine/Content/EngineMaterials/Widget3DPassThrough_Translucent_OneSided.uasset" 614
"../../../Engine/Content/EngineMaterials/Widget3DPassThrough_Translucent_OneSided.uexp" 615
"../../../Engine/Content/EngineMaterials/Widget3DPassThrough_Opaque.uasset" 616
"../../../Engine/Content/EngineMaterials/Widget3DPassThrough_Opaque.uexp" 617
"../../../Engine/Content/EngineMaterials/Widget3DPassThrough_Opaque_OneSided.uasset" 618
"../../../Engine/Content/EngineMaterials/Widget3DPassThrough_Opaque_OneSided.uexp" 619
"../../../Engine/Content/EngineMaterials/Widget3DPassThrough_Masked_OneSided.uasset" 620
"../../../Engine/Content/EngineMaterials/Widget3DPassThrough_Masked_OneSided.uexp" 621
"../../../Engine/Content/EngineMaterials/Widget3DPassThrough_Masked.uasset" 622
"../../../Engine/Content/EngineMaterials/Widget3DPassThrough_Masked.uexp" 623
"../../../Engine/Content/EngineMaterials/STBlueNoise_vec2_128x128x64.uasset" 624
"../../../Engine/Content/EngineMaterials/STBlueNoise_vec2_128x128x64.uexp" 625
"../../../Engine/Content/EngineMaterials/STBlueNoise_scalar_128x128x64.uasset" 626
"../../../Engine/Content/EngineMaterials/STBlueNoise_scalar_128x128x64.uexp" 627
"../../../Engine/Content/EngineMaterials/RemoveSurfaceMaterial.uasset" 628
"../../../Engine/Content/EngineMaterials/RemoveSurfaceMaterial.uexp" 629
"../../../Engine/Content/EngineMaterials/DefaultCalibrationGrayscale.uasset" 630
"../../../Engine/Content/EngineMaterials/DefaultCalibrationGrayscale.uexp" 631
"../../../Engine/Content/EngineMaterials/PPM_DefaultCalibrationGrayscale.uasset" 632
"../../../Engine/Content/EngineMaterials/PPM_DefaultCalibrationGrayscale.uexp" 633
"../../../Engine/Content/EngineMaterials/DefaultCalibrationColor.uasset" 634
"../../../Engine/Content/EngineMaterials/DefaultCalibrationColor.uexp" 635
"../../../Engine/Content/EngineMaterials/PPM_DefaultCalibrationColor.uasset" 636
"../../../Engine/Content/EngineMaterials/PPM_DefaultCalibrationColor.uexp" 637
"../../../Engine/Content/EngineMaterials/PhAT_JointLimitMaterial.uasset" 638
"../../../Engine/Content/EngineMaterials/PhAT_JointLimitMaterial.uexp" 639
"../../../Engine/Content/EngineMaterials/NaniteHiddenSectionMaterial.uasset" 640
"../../../Engine/Content/EngineMaterials/NaniteHiddenSectionMaterial.uexp" 641
"../../../Engine/Content/EngineMaterials/InvalidLightmapSettings.ubulk" 642
"../../../Engine/Content/EngineMaterials/InvalidLightmapSettings.uasset" 643
"../../../Engine/Content/EngineMaterials/InvalidLightmapSettings.uexp" 644
"../../../Engine/Content/EngineMaterials/M_InvalidLightmapSettings.uasset" 645
"../../../Engine/Content/EngineMaterials/M_InvalidLightmapSettings.uexp" 646
"../../../Engine/Content/EngineMaterials/GizmoMaterial.uasset" 647
"../../../Engine/Content/EngineMaterials/GizmoMaterial.uexp" 648
"../../../Engine/Content/EngineMaterials/BaseFlattenEmissiveMap_VT.uasset" 649
"../../../Engine/Content/EngineMaterials/BaseFlattenEmissiveMap_VT.uexp" 650
"../../../Engine/Content/EngineMaterials/BaseFlattenGrayscaleMap_VT.uasset" 651
"../../../Engine/Content/EngineMaterials/BaseFlattenGrayscaleMap_VT.uexp" 652
"../../../Engine/Content/EngineMaterials/BaseFlattenLinearColor_VT.uasset" 653
"../../../Engine/Content/EngineMaterials/BaseFlattenLinearColor_VT.uexp" 654
"../../../Engine/Content/EngineMaterials/Black_1x1_EXR_Texture_VT.uasset" 655
"../../../Engine/Content/EngineMaterials/Black_1x1_EXR_Texture_VT.uexp" 656
"../../../Engine/Content/EngineMaterials/BaseFlattenDiffuseMap_VT.uasset" 657
"../../../Engine/Content/EngineMaterials/BaseFlattenDiffuseMap_VT.uexp" 658
"../../../Engine/Content/EngineMaterials/BaseFlattenNormalMap_VT.uasset" 659
"../../../Engine/Content/EngineMaterials/BaseFlattenNormalMap_VT.uexp" 660
"../../../Engine/Content/EngineMaterials/FlattenMaterial_WS_Normal_VT.uasset" 661
"../../../Engine/Content/EngineMaterials/FlattenMaterial_WS_Normal_VT.uexp" 662
"../../../Engine/Content/EngineMaterials/FlattenMaterial_VT.uasset" 663
"../../../Engine/Content/EngineMaterials/FlattenMaterial_VT.uexp" 664
"../../../Engine/Content/EngineMaterials/BaseFlattenNormalMap.uasset" 665
"../../../Engine/Content/EngineMaterials/BaseFlattenNormalMap.uexp" 666
"../../../Engine/Content/EngineMaterials/BaseFlattenGrayscaleMap.uasset" 667
"../../../Engine/Content/EngineMaterials/BaseFlattenGrayscaleMap.uexp" 668
"../../../Engine/Content/EngineMaterials/BaseFlattenDiffuseMap.uasset" 669
"../../../Engine/Content/EngineMaterials/BaseFlattenDiffuseMap.uexp" 670
"../../../Engine/Content/Functions/Engine_MaterialFunctions02/PivotPainter2/Black_1x1_EXR_Texture.uasset" 671
"../../../Engine/Content/Functions/Engine_MaterialFunctions02/PivotPainter2/Black_1x1_EXR_Texture.uexp" 672
"../../../Engine/Content/EngineMaterials/BaseFlattenEmissiveMap.uasset" 673
"../../../Engine/Content/EngineMaterials/BaseFlattenEmissiveMap.uexp" 674
"../../../Engine/Content/EngineMaterials/BaseFlattenLinearColor.uasset" 675
"../../../Engine/Content/EngineMaterials/BaseFlattenLinearColor.uexp" 676
"../../../Engine/Content/EngineMaterials/FlattenMaterial.uasset" 677
"../../../Engine/Content/EngineMaterials/FlattenMaterial.uexp" 678
"../../../Engine/Content/EngineMaterials/DefaultWhiteGrid_Low.uasset" 679
"../../../Engine/Content/EngineMaterials/DefaultWhiteGrid_Low.uexp" 680
"../../../Engine/Content/EngineMaterials/EmissiveMeshMaterial.uasset" 681
"../../../Engine/Content/EngineMaterials/EmissiveMeshMaterial.uexp" 682
"../../../Engine/Content/EngineFonts/RobotoDistanceField.uasset" 683
"../../../Engine/Content/EngineFonts/RobotoDistanceField.uexp" 684
"../../../Engine/Content/EngineMaterials/DefaultTextMaterialOpaque.uasset" 685
"../../../Engine/Content/EngineMaterials/DefaultTextMaterialOpaque.uexp" 686
"../../../Engine/Content/EngineMaterials/DefaultDiffuse.ubulk" 687
"../../../Engine/Content/EngineMaterials/DefaultDiffuse.uasset" 688
"../../../Engine/Content/EngineMaterials/DefaultDiffuse.uexp" 689
"../../../Engine/Content/Functions/Engine_MaterialFunctions02/Utility/BreakOutFloat2Components.uasset" 690
"../../../Engine/Content/Functions/Engine_MaterialFunctions02/Utility/BreakOutFloat2Components.uexp" 691
"../../../Engine/Content/EngineMaterials/DefaultPostProcessMaterial.uasset" 692
"../../../Engine/Content/EngineMaterials/DefaultPostProcessMaterial.uexp" 693
"../../../Engine/Content/EngineMaterials/DefaultPhysicalMaterial.uasset" 694
"../../../Engine/Content/EngineMaterials/DefaultPhysicalMaterial.uexp" 695
"../../../Engine/Content/EngineMaterials/DefaultLightFunctionMaterial.uasset" 696
"../../../Engine/Content/EngineMaterials/DefaultLightFunctionMaterial.uexp" 697
"../../../Engine/Content/EngineMaterials/DefaultDestructiblePhysicalMaterial.uasset" 698
"../../../Engine/Content/EngineMaterials/DefaultDestructiblePhysicalMaterial.uexp" 699
"../../../Engine/Content/EngineMaterials/DefaultDeferredDecalMaterial.uasset" 700
"../../../Engine/Content/EngineMaterials/DefaultDeferredDecalMaterial.uexp" 701
"../../../Engine/Content/EngineMaterials/DefaultBloomKernel.uasset" 702
"../../../Engine/Content/EngineMaterials/DefaultBloomKernel.uexp" 703
"../../../Engine/Content/EngineFonts/Faces/RobotoLight.uexp" 704
"../../../Engine/Content/EngineFonts/Faces/RobotoLight.uasset" 705
"../../../Engine/Content/EngineFonts/Faces/RobotoLight.ufont" 706
"../../../Engine/Content/EngineFonts/Faces/RobotoBold.uexp" 707
"../../../Engine/Content/EngineFonts/Faces/RobotoBold.uasset" 708
"../../../Engine/Content/EngineFonts/Faces/RobotoBold.ufont" 709
"../../../Engine/Content/EngineFonts/Faces/RobotoRegular.uexp" 710
"../../../Engine/Content/EngineFonts/Faces/RobotoRegular.uasset" 711
"../../../Engine/Content/EngineFonts/Faces/RobotoRegular.ufont" 712
"../../../Engine/Content/EngineFonts/Faces/DroidSansFallback.uexp" 713
"../../../Engine/Content/EngineFonts/Faces/DroidSansFallback.uasset" 714
"../../../Engine/Content/EngineFonts/Faces/DroidSansFallback.ufont" 715
"../../../Engine/Content/EngineFonts/Faces/RobotoItalic.uexp" 716
"../../../Engine/Content/EngineFonts/Faces/RobotoItalic.uasset" 717
"../../../Engine/Content/EngineFonts/Faces/RobotoItalic.ufont" 718
"../../../Engine/Content/EngineFonts/Faces/RobotoBoldItalic.uexp" 719
"../../../Engine/Content/EngineFonts/Faces/RobotoBoldItalic.uasset" 720
"../../../Engine/Content/EngineFonts/Faces/RobotoBoldItalic.ufont" 721
"../../../Engine/Content/EngineFonts/Roboto.uasset" 722
"../../../Engine/Content/EngineFonts/Roboto.uexp" 723
"../../../Engine/Content/EngineDebugMaterials/VolumeToRender.uasset" 724
"../../../Engine/Content/EngineDebugMaterials/VolumeToRender.uexp" 725
"../../../Engine/Content/EngineDebugMaterials/M_VolumeRenderSphereTracePP.uasset" 726
"../../../Engine/Content/EngineDebugMaterials/M_VolumeRenderSphereTracePP.uexp" 727
"../../../Engine/Content/EngineDebugMaterials/M_SimpleUnlitTranslucent.uasset" 728
"../../../Engine/Content/EngineDebugMaterials/M_SimpleUnlitTranslucent.uexp" 729
"../../../Engine/Content/EngineDebugMaterials/DebugMeshMaterial.uasset" 730
"../../../Engine/Content/EngineDebugMaterials/DebugMeshMaterial.uexp" 731
"../../../Engine/Content/EngineDebugMaterials/DebugEditorMaterial.uasset" 732
"../../../Engine/Content/EngineDebugMaterials/DebugEditorMaterial.uexp" 733
"../../../Engine/Content/EngineDamageTypes/DmgTypeBP_Environmental.uasset" 734
"../../../Engine/Content/EngineDamageTypes/DmgTypeBP_Environmental.uexp" 735
"../../../Engine/Content/EditorResources/S_Terrain.ubulk" 736
"../../../Engine/Content/EditorResources/S_Terrain.uasset" 737
"../../../Engine/Content/EditorResources/S_Terrain.uexp" 738
"../../../Engine/Content/EditorResources/EmptyActor.uasset" 739
"../../../Engine/Content/EditorResources/EmptyActor.uexp" 740
"../../../Engine/Content/EditorResources/BSPVertex.uasset" 741
"../../../Engine/Content/EditorResources/BSPVertex.uexp" 742
"../../../Engine/Content/EditorMaterials/PreviewShadowIndicator.ubulk" 743
"../../../Engine/Content/EditorMaterials/PreviewShadowIndicator.uasset" 744
"../../../Engine/Content/EditorMaterials/PreviewShadowIndicator.uexp" 745
"../../../Engine/Content/EditorMaterials/PreviewShadowIndicatorMaterial.uasset" 746
"../../../Engine/Content/EditorMaterials/PreviewShadowIndicatorMaterial.uexp" 747
"../../../Engine/Content/EditorMaterials/PhAT_UnselectedMaterial.uasset" 748
"../../../Engine/Content/EditorMaterials/PhAT_UnselectedMaterial.uexp" 749
"../../../Engine/Content/EditorMaterials/PhAT_NoCollisionMaterial.uasset" 750
"../../../Engine/Content/EditorMaterials/PhAT_NoCollisionMaterial.uexp" 751
"../../../Engine/Content/EditorLandscapeResources/DefaultAlphaTexture.uasset" 752
"../../../Engine/Content/EditorLandscapeResources/DefaultAlphaTexture.uexp" 753
"../../../Engine/Content/EditorLandscapeResources/DataLayer.uasset" 754
"../../../Engine/Content/EditorLandscapeResources/DataLayer.uexp" 755
"../../../Engine/Content/EngineMaterials/DefaultMaterial.uasset" 756
"../../../Engine/Content/EngineMaterials/DefaultMaterial.uexp" 757
"../../../Engine/Content/BasicShapes/Sphere.ubulk" 758
"../../../Engine/Content/BasicShapes/Sphere.uasset" 759
"../../../Engine/Content/BasicShapes/Sphere.uexp" 760
"../../../Engine/Content/BasicShapes/Plane.ubulk" 761
"../../../Engine/Content/BasicShapes/Plane.uasset" 762
"../../../Engine/Content/BasicShapes/Plane.uexp" 763
"../../../Engine/Content/BasicShapes/Cylinder.ubulk" 764
"../../../Engine/Content/BasicShapes/Cylinder.uasset" 765
"../../../Engine/Content/BasicShapes/Cylinder.uexp" 766
"../../../Engine/Content/BasicShapes/Cube.ubulk" 767
"../../../Engine/Content/BasicShapes/Cube.uasset" 768
"../../../Engine/Content/BasicShapes/Cube.uexp" 769
"../../../Engine/Content/BasicShapes/Cone.ubulk" 770
"../../../Engine/Content/BasicShapes/Cone.uasset" 771
"../../../Engine/Content/BasicShapes/Cone.uexp" 772
"../../../Engine/Content/BasicShapes/BasicShapeMaterial.uasset" 773
"../../../Engine/Content/BasicShapes/BasicShapeMaterial.uexp" 774
"../../../Engine/Content/Animation/DefaultRecorderBoneCompression.uasset" 775
"../../../Engine/Content/Animation/DefaultRecorderBoneCompression.uexp" 776
"C:/Users/user/Documents/Unreal Projects/LocalMultiBaseCPP/Content/LMBCPP/Inputs/IA_Skill2P_1.uasset" 777
"C:/Users/user/Documents/Unreal Projects/LocalMultiBaseCPP/Content/LMBCPP/Inputs/IA_Skill2P_1.uexp" 778
"C:/Users/user/Documents/Unreal Projects/LocalMultiBaseCPP/Content/LMBCPP/Inputs/IA_Skill2P_2.uasset" 779
"C:/Users/user/Documents/Unreal Projects/LocalMultiBaseCPP/Content/LMBCPP/Inputs/IA_Skill2P_2.uexp" 780
"C:/Users/user/Documents/Unreal Projects/LocalMultiBaseCPP/Content/LMBCPP/Inputs/IA_Skill2P_3.uasset" 781
"C:/Users/user/Documents/Unreal Projects/LocalMultiBaseCPP/Content/LMBCPP/Inputs/IA_Skill2P_3.uexp" 782
"C:/Users/user/Documents/Unreal Projects/LocalMultiBaseCPP/Content/LMBCPP/Inputs/IA_Skill2P_4.uasset" 783
"C:/Users/user/Documents/Unreal Projects/LocalMultiBaseCPP/Content/LMBCPP/Inputs/IA_Skill2P_4.uexp" 784
"C:/Users/user/Documents/Unreal Projects/LocalMultiBaseCPP/Content/LMBCPP/Inputs/IA_Skill1P_1.uasset" 785
"C:/Users/user/Documents/Unreal Projects/LocalMultiBaseCPP/Content/LMBCPP/Inputs/IA_Skill1P_1.uexp" 786
"C:/Users/user/Documents/Unreal Projects/LocalMultiBaseCPP/Content/LMBCPP/Inputs/IA_Skill1P_2.uasset" 787
"C:/Users/user/Documents/Unreal Projects/LocalMultiBaseCPP/Content/LMBCPP/Inputs/IA_Skill1P_2.uexp" 788
"C:/Users/user/Documents/Unreal Projects/LocalMultiBaseCPP/Content/LMBCPP/Inputs/IA_Skill1P_3.uasset" 789
"C:/Users/user/Documents/Unreal Projects/LocalMultiBaseCPP/Content/LMBCPP/Inputs/IA_Skill1P_3.uexp" 790
"C:/Users/user/Documents/Unreal Projects/LocalMultiBaseCPP/Content/LMBCPP/Inputs/IA_Skill1P_4.uasset" 791
"C:/Users/user/Documents/Unreal Projects/LocalMultiBaseCPP/Content/LMBCPP/Inputs/IA_Skill1P_4.uexp" 792
"C:/Users/user/Documents/Unreal Projects/LocalMultiBaseCPP/Content/LMBCPP/Inputs/IA_Move1P.uasset" 793
"C:/Users/user/Documents/Unreal Projects/LocalMultiBaseCPP/Content/LMBCPP/Inputs/IA_Move1P.uexp" 794
"C:/Users/user/Documents/Unreal Projects/LocalMultiBaseCPP/Content/LMBCPP/Inputs/IA_Move2P.uasset" 795
"C:/Users/user/Documents/Unreal Projects/LocalMultiBaseCPP/Content/LMBCPP/Inputs/IA_Move2P.uexp" 796
"C:/Users/user/Documents/Unreal Projects/LocalMultiBaseCPP/Content/LMBCPP/Inputs/IMC_LMBPlayerInput.uasset" 797
"C:/Users/user/Documents/Unreal Projects/LocalMultiBaseCPP/Content/LMBCPP/Inputs/IMC_LMBPlayerInput.uexp" 798
"C:/Users/user/Documents/Unreal Projects/LocalMultiBaseCPP/Content/LMBCPP/BluePrints/BP_PawnPlayer1.uasset" 799
"C:/Users/user/Documents/Unreal Projects/LocalMultiBaseCPP/Content/LMBCPP/BluePrints/BP_PawnPlayer1.uexp" 800
"../../../Engine/Plugins/Animation/ACLPlugin/Content/ACLAnimBoneCompressionSettings.uasset" 801
"../../../Engine/Plugins/Animation/ACLPlugin/Content/ACLAnimBoneCompressionSettings.uexp" 802
"../../../Engine/Content/Animation/DefaultVariableFrameStrippingSettings.uasset" 803
"../../../Engine/Content/Animation/DefaultVariableFrameStrippingSettings.uexp" 804
"C:/Users/user/Documents/Unreal Projects/LocalMultiBaseCPP/Content/Assets/Male/Dwarf_Idle_Skeleton.uasset" 805
"C:/Users/user/Documents/Unreal Projects/LocalMultiBaseCPP/Content/Assets/Male/Dwarf_Idle_Skeleton.uexp" 806
"../../../Engine/Plugins/Animation/ACLPlugin/Content/ACLAnimCurveCompressionSettings.uasset" 807
"../../../Engine/Plugins/Animation/ACLPlugin/Content/ACLAnimCurveCompressionSettings.uexp" 808
"C:/Users/user/Documents/Unreal Projects/LocalMultiBaseCPP/Content/Assets/Male/anime/Sword_And_Shield_Attack.uasset" 809
"C:/Users/user/Documents/Unreal Projects/LocalMultiBaseCPP/Content/Assets/Male/anime/Sword_And_Shield_Attack.uexp" 810
"C:/Users/user/Documents/Unreal Projects/LocalMultiBaseCPP/Content/Assets/Audio/sword-slice-393847.ubulk" 811
"C:/Users/user/Documents/Unreal Projects/LocalMultiBaseCPP/Content/Assets/Audio/sword-slice-393847.uasset" 812
"C:/Users/user/Documents/Unreal Projects/LocalMultiBaseCPP/Content/Assets/Audio/sword-slice-393847.uexp" 813
"C:/Users/user/Documents/Unreal Projects/LocalMultiBaseCPP/Content/Assets/Male/anime/Standing_Melee_Attack_Downward.uasset" 814
"C:/Users/user/Documents/Unreal Projects/LocalMultiBaseCPP/Content/Assets/Male/anime/Standing_Melee_Attack_Downward.uexp" 815
"C:/Users/user/Documents/Unreal Projects/LocalMultiBaseCPP/Content/Assets/Male/anime/Standing_Taunt_Battlecry.uasset" 816
"C:/Users/user/Documents/Unreal Projects/LocalMultiBaseCPP/Content/Assets/Male/anime/Standing_Taunt_Battlecry.uexp" 817
"C:/Users/user/Documents/Unreal Projects/LocalMultiBaseCPP/Content/Assets/Male/anime/Standing_Melee_Combo_Attack_Ver__2.uasset" 818
"C:/Users/user/Documents/Unreal Projects/LocalMultiBaseCPP/Content/Assets/Male/anime/Standing_Melee_Combo_Attack_Ver__2.uexp" 819
"C:/Users/user/Documents/Unreal Projects/LocalMultiBaseCPP/Content/Assets/Male/anime/NewAnimMontage.uasset" 820
"C:/Users/user/Documents/Unreal Projects/LocalMultiBaseCPP/Content/Assets/Male/anime/NewAnimMontage.uexp" 821
"C:/Users/user/Documents/Unreal Projects/LocalMultiBaseCPP/Content/Assets/Male/anime/Walking.uasset" 822
"C:/Users/user/Documents/Unreal Projects/LocalMultiBaseCPP/Content/Assets/Male/anime/Walking.uexp" 823
"C:/Users/user/Documents/Unreal Projects/LocalMultiBaseCPP/Content/Assets/Male/anime/Standing_Run_Back.uasset" 824
"C:/Users/user/Documents/Unreal Projects/LocalMultiBaseCPP/Content/Assets/Male/anime/Standing_Run_Back.uexp" 825
"C:/Users/user/Documents/Unreal Projects/LocalMultiBaseCPP/Content/Assets/Male/anime/Standing_Idle.uasset" 826
"C:/Users/user/Documents/Unreal Projects/LocalMultiBaseCPP/Content/Assets/Male/anime/Standing_Idle.uexp" 827
"C:/Users/user/Documents/Unreal Projects/LocalMultiBaseCPP/Content/Assets/Male/anime/Running.uasset" 828
"C:/Users/user/Documents/Unreal Projects/LocalMultiBaseCPP/Content/Assets/Male/anime/Running.uexp" 829
"C:/Users/user/Documents/Unreal Projects/LocalMultiBaseCPP/Content/Assets/Male/BluePrint/NewAnimBlueprint.uasset" 830
"C:/Users/user/Documents/Unreal Projects/LocalMultiBaseCPP/Content/Assets/Male/BluePrint/NewAnimBlueprint.uexp" 831
"C:/Users/user/Documents/Unreal Projects/LocalMultiBaseCPP/Content/LMBCPP/BluePrints/BP_PawnPlayer.uasset" 832
"C:/Users/user/Documents/Unreal Projects/LocalMultiBaseCPP/Content/LMBCPP/BluePrints/BP_PawnPlayer.uexp" 833
"C:/Users/user/Documents/Unreal Projects/LocalMultiBaseCPP/Content/LMBCPP/BluePrints/BP_BossSpawnPoint.uasset" 834
"C:/Users/user/Documents/Unreal Projects/LocalMultiBaseCPP/Content/LMBCPP/BluePrints/BP_BossSpawnPoint.uexp" 835
"C:/Users/user/Documents/Unreal Projects/LocalMultiBaseCPP/Content/LMBCPP/BluePrints/BP_BossAIController.uasset" 836
"C:/Users/user/Documents/Unreal Projects/LocalMultiBaseCPP/Content/LMBCPP/BluePrints/BP_BossAIController.uexp" 837
"C:/Users/user/Documents/Unreal Projects/LocalMultiBaseCPP/Content/LMBCPP/Animation/Walkinggoblin_Anim_mixamo_com.uasset" 838
"C:/Users/user/Documents/Unreal Projects/LocalMultiBaseCPP/Content/LMBCPP/Animation/Walkinggoblin_Anim_mixamo_com.uexp" 839
"C:/Users/user/Documents/Unreal Projects/LocalMultiBaseCPP/Content/LMBCPP/Animation/Attack_Anim_Goblin.uasset" 840
"C:/Users/user/Documents/Unreal Projects/LocalMultiBaseCPP/Content/LMBCPP/Animation/Attack_Anim_Goblin.uexp" 841
"C:/Users/user/Documents/Unreal Projects/LocalMultiBaseCPP/Content/Assets/MonsterPortal/prop_portalpuerta_low.uasset" 842
"C:/Users/user/Documents/Unreal Projects/LocalMultiBaseCPP/Content/Assets/MonsterPortal/prop_portalpuerta_low.uexp" 843
"C:/Users/user/Documents/Unreal Projects/LocalMultiBaseCPP/Content/Assets/MonsterPortal/prop_portal_prop_portalpuerta_low.ubulk" 844
"C:/Users/user/Documents/Unreal Projects/LocalMultiBaseCPP/Content/Assets/MonsterPortal/prop_portal_prop_portalpuerta_low.uasset" 845
"C:/Users/user/Documents/Unreal Projects/LocalMultiBaseCPP/Content/Assets/MonsterPortal/prop_portal_prop_portalpuerta_low.uexp" 846
"C:/Users/user/Documents/Unreal Projects/LocalMultiBaseCPP/Content/Assets/MonsterPortal/prop_portal_prop_portalpiedras_low.ubulk" 847
"C:/Users/user/Documents/Unreal Projects/LocalMultiBaseCPP/Content/Assets/MonsterPortal/prop_portal_prop_portalpiedras_low.uasset" 848
"C:/Users/user/Documents/Unreal Projects/LocalMultiBaseCPP/Content/Assets/MonsterPortal/prop_portal_prop_portalpiedras_low.uexp" 849
"C:/Users/user/Documents/Unreal Projects/LocalMultiBaseCPP/Content/Assets/MonsterPortal/prop_portal_prop_portalmadera_low.ubulk" 850
"C:/Users/user/Documents/Unreal Projects/LocalMultiBaseCPP/Content/Assets/MonsterPortal/prop_portal_prop_portalmadera_low.uasset" 851
"C:/Users/user/Documents/Unreal Projects/LocalMultiBaseCPP/Content/Assets/MonsterPortal/prop_portal_prop_portalmadera_low.uexp" 852
"C:/Users/user/Documents/Unreal Projects/LocalMultiBaseCPP/Content/Assets/Male/textures/ID03_Base_color.ubulk" 853
"C:/Users/user/Documents/Unreal Projects/LocalMultiBaseCPP/Content/Assets/Male/textures/ID03_Base_color.uasset" 854
"C:/Users/user/Documents/Unreal Projects/LocalMultiBaseCPP/Content/Assets/Male/textures/ID03_Base_color.uexp" 855
"C:/Users/user/Documents/Unreal Projects/LocalMultiBaseCPP/Content/Assets/Male/textures/ID03_Mixed_AO.ubulk" 856
"C:/Users/user/Documents/Unreal Projects/LocalMultiBaseCPP/Content/Assets/Male/textures/ID03_Mixed_AO.uasset" 857
"C:/Users/user/Documents/Unreal Projects/LocalMultiBaseCPP/Content/Assets/Male/textures/ID03_Mixed_AO.uexp" 858
"C:/Users/user/Documents/Unreal Projects/LocalMultiBaseCPP/Content/Assets/Male/textures/ID03_Roughness.ubulk" 859
"C:/Users/user/Documents/Unreal Projects/LocalMultiBaseCPP/Content/Assets/Male/textures/ID03_Roughness.uasset" 860
"C:/Users/user/Documents/Unreal Projects/LocalMultiBaseCPP/Content/Assets/Male/textures/ID03_Roughness.uexp" 861
"C:/Users/user/Documents/Unreal Projects/LocalMultiBaseCPP/Content/Assets/Male/textures/ID03_Metallic.ubulk" 862
"C:/Users/user/Documents/Unreal Projects/LocalMultiBaseCPP/Content/Assets/Male/textures/ID03_Metallic.uasset" 863
"C:/Users/user/Documents/Unreal Projects/LocalMultiBaseCPP/Content/Assets/Male/textures/ID03_Metallic.uexp" 864
"C:/Users/user/Documents/Unreal Projects/LocalMultiBaseCPP/Content/Assets/Male/textures/ID03_Normal_DirectX.ubulk" 865
"C:/Users/user/Documents/Unreal Projects/LocalMultiBaseCPP/Content/Assets/Male/textures/ID03_Normal_DirectX.uasset" 866
"C:/Users/user/Documents/Unreal Projects/LocalMultiBaseCPP/Content/Assets/Male/textures/ID03_Normal_DirectX.uexp" 867
"C:/Users/user/Documents/Unreal Projects/LocalMultiBaseCPP/Content/Assets/Male/blinn3.uasset" 868
"C:/Users/user/Documents/Unreal Projects/LocalMultiBaseCPP/Content/Assets/Male/blinn3.uexp" 869
"C:/Users/user/Documents/Unreal Projects/LocalMultiBaseCPP/Content/Assets/Male/textures/ID01_Normal_DirectX.ubulk" 870
"C:/Users/user/Documents/Unreal Projects/LocalMultiBaseCPP/Content/Assets/Male/textures/ID01_Normal_DirectX.uasset" 871
"C:/Users/user/Documents/Unreal Projects/LocalMultiBaseCPP/Content/Assets/Male/textures/ID01_Normal_DirectX.uexp" 872
"C:/Users/user/Documents/Unreal Projects/LocalMultiBaseCPP/Content/Assets/Male/textures/ID01_Metallic.ubulk" 873
"C:/Users/user/Documents/Unreal Projects/LocalMultiBaseCPP/Content/Assets/Male/textures/ID01_Metallic.uasset" 874
"C:/Users/user/Documents/Unreal Projects/LocalMultiBaseCPP/Content/Assets/Male/textures/ID01_Metallic.uexp" 875
"C:/Users/user/Documents/Unreal Projects/LocalMultiBaseCPP/Content/Assets/Male/textures/ID01_Roughness.ubulk" 876
"C:/Users/user/Documents/Unreal Projects/LocalMultiBaseCPP/Content/Assets/Male/textures/ID01_Roughness.uasset" 877
"C:/Users/user/Documents/Unreal Projects/LocalMultiBaseCPP/Content/Assets/Male/textures/ID01_Roughness.uexp" 878
"C:/Users/user/Documents/Unreal Projects/LocalMultiBaseCPP/Content/Assets/Male/textures/ID01_Base_color.ubulk" 879
"C:/Users/user/Documents/Unreal Projects/LocalMultiBaseCPP/Content/Assets/Male/textures/ID01_Base_color.uasset" 880
"C:/Users/user/Documents/Unreal Projects/LocalMultiBaseCPP/Content/Assets/Male/textures/ID01_Base_color.uexp" 881
"C:/Users/user/Documents/Unreal Projects/LocalMultiBaseCPP/Content/Assets/Male/textures/ID01_Mixed_AO.ubulk" 882
"C:/Users/user/Documents/Unreal Projects/LocalMultiBaseCPP/Content/Assets/Male/textures/ID01_Mixed_AO.uasset" 883
"C:/Users/user/Documents/Unreal Projects/LocalMultiBaseCPP/Content/Assets/Male/textures/ID01_Mixed_AO.uexp" 884
"C:/Users/user/Documents/Unreal Projects/LocalMultiBaseCPP/Content/Assets/Male/blinn1.uasset" 885
"C:/Users/user/Documents/Unreal Projects/LocalMultiBaseCPP/Content/Assets/Male/blinn1.uexp" 886
"C:/Users/user/Documents/Unreal Projects/LocalMultiBaseCPP/Content/Assets/Male/Dwarf_Idle_PhysicsAsset.uasset" 887
"C:/Users/user/Documents/Unreal Projects/LocalMultiBaseCPP/Content/Assets/Male/Dwarf_Idle_PhysicsAsset.uexp" 888
"C:/Users/user/Documents/Unreal Projects/LocalMultiBaseCPP/Content/Assets/Male/textures/ID02_Normal_DirectX.ubulk" 889
"C:/Users/user/Documents/Unreal Projects/LocalMultiBaseCPP/Content/Assets/Male/textures/ID02_Normal_DirectX.uasset" 890
"C:/Users/user/Documents/Unreal Projects/LocalMultiBaseCPP/Content/Assets/Male/textures/ID02_Normal_DirectX.uexp" 891
"C:/Users/user/Documents/Unreal Projects/LocalMultiBaseCPP/Content/Assets/Male/textures/ID02_Roughness.ubulk" 892
"C:/Users/user/Documents/Unreal Projects/LocalMultiBaseCPP/Content/Assets/Male/textures/ID02_Roughness.uasset" 893
"C:/Users/user/Documents/Unreal Projects/LocalMultiBaseCPP/Content/Assets/Male/textures/ID02_Roughness.uexp" 894
"C:/Users/user/Documents/Unreal Projects/LocalMultiBaseCPP/Content/Assets/Male/textures/ID02_Mixed_AO.ubulk" 895
"C:/Users/user/Documents/Unreal Projects/LocalMultiBaseCPP/Content/Assets/Male/textures/ID02_Mixed_AO.uasset" 896
"C:/Users/user/Documents/Unreal Projects/LocalMultiBaseCPP/Content/Assets/Male/textures/ID02_Mixed_AO.uexp" 897
"C:/Users/user/Documents/Unreal Projects/LocalMultiBaseCPP/Content/Assets/Male/textures/ID02_Base_color.ubulk" 898
"C:/Users/user/Documents/Unreal Projects/LocalMultiBaseCPP/Content/Assets/Male/textures/ID02_Base_color.uasset" 899
"C:/Users/user/Documents/Unreal Projects/LocalMultiBaseCPP/Content/Assets/Male/textures/ID02_Base_color.uexp" 900
"C:/Users/user/Documents/Unreal Projects/LocalMultiBaseCPP/Content/Assets/Male/textures/ID02_Metallic.ubulk" 901
"C:/Users/user/Documents/Unreal Projects/LocalMultiBaseCPP/Content/Assets/Male/textures/ID02_Metallic.uasset" 902
"C:/Users/user/Documents/Unreal Projects/LocalMultiBaseCPP/Content/Assets/Male/textures/ID02_Metallic.uexp" 903
"C:/Users/user/Documents/Unreal Projects/LocalMultiBaseCPP/Content/Assets/Male/blinn2.uasset" 904
"C:/Users/user/Documents/Unreal Projects/LocalMultiBaseCPP/Content/Assets/Male/blinn2.uexp" 905
"C:/Users/user/Documents/Unreal Projects/LocalMultiBaseCPP/Content/Assets/Male/Dwarf_Idle.uasset" 906
"C:/Users/user/Documents/Unreal Projects/LocalMultiBaseCPP/Content/Assets/Male/Dwarf_Idle.uexp" 907
"C:/Users/user/Documents/Unreal Projects/LocalMultiBaseCPP/Content/Assets/GroundTexture/textures/StoneFloor_metallic.ubulk" 908
"C:/Users/user/Documents/Unreal Projects/LocalMultiBaseCPP/Content/Assets/GroundTexture/textures/StoneFloor_metallic.uasset" 909
"C:/Users/user/Documents/Unreal Projects/LocalMultiBaseCPP/Content/Assets/GroundTexture/textures/StoneFloor_metallic.uexp" 910
"C:/Users/user/Documents/Unreal Projects/LocalMultiBaseCPP/Content/Assets/GroundTexture/textures/AO_ground_texture.ubulk" 911
"C:/Users/user/Documents/Unreal Projects/LocalMultiBaseCPP/Content/Assets/GroundTexture/textures/AO_ground_texture.uasset" 912
"C:/Users/user/Documents/Unreal Projects/LocalMultiBaseCPP/Content/Assets/GroundTexture/textures/AO_ground_texture.uexp" 913
"C:/Users/user/Documents/Unreal Projects/LocalMultiBaseCPP/Content/Assets/GroundTexture/textures/StoneFloor_normal.ubulk" 914
"C:/Users/user/Documents/Unreal Projects/LocalMultiBaseCPP/Content/Assets/GroundTexture/textures/StoneFloor_normal.uasset" 915
"C:/Users/user/Documents/Unreal Projects/LocalMultiBaseCPP/Content/Assets/GroundTexture/textures/StoneFloor_normal.uexp" 916
"C:/Users/user/Documents/Unreal Projects/LocalMultiBaseCPP/Content/Assets/GroundTexture/textures/StoneFloor_basecolor.ubulk" 917
"C:/Users/user/Documents/Unreal Projects/LocalMultiBaseCPP/Content/Assets/GroundTexture/textures/StoneFloor_basecolor.uasset" 918
"C:/Users/user/Documents/Unreal Projects/LocalMultiBaseCPP/Content/Assets/GroundTexture/textures/StoneFloor_basecolor.uexp" 919
"C:/Users/user/Documents/Unreal Projects/LocalMultiBaseCPP/Content/Assets/GroundTexture/textures/StoneFloor_ambientOcclusion.ubulk" 920
"C:/Users/user/Documents/Unreal Projects/LocalMultiBaseCPP/Content/Assets/GroundTexture/textures/StoneFloor_ambientOcclusion.uasset" 921
"C:/Users/user/Documents/Unreal Projects/LocalMultiBaseCPP/Content/Assets/GroundTexture/textures/StoneFloor_ambientOcclusion.uexp" 922
"C:/Users/user/Documents/Unreal Projects/LocalMultiBaseCPP/Content/Assets/GroundTexture/textures/StoneFloor_roughness.ubulk" 923
"C:/Users/user/Documents/Unreal Projects/LocalMultiBaseCPP/Content/Assets/GroundTexture/textures/StoneFloor_roughness.uasset" 924
"C:/Users/user/Documents/Unreal Projects/LocalMultiBaseCPP/Content/Assets/GroundTexture/textures/StoneFloor_roughness.uexp" 925
"C:/Users/user/Documents/Unreal Projects/LocalMultiBaseCPP/Content/Assets/GroundTexture/textures/NormalMapGround.ubulk" 926
"C:/Users/user/Documents/Unreal Projects/LocalMultiBaseCPP/Content/Assets/GroundTexture/textures/NormalMapGround.uasset" 927
"C:/Users/user/Documents/Unreal Projects/LocalMultiBaseCPP/Content/Assets/GroundTexture/textures/NormalMapGround.uexp" 928
"C:/Users/user/Documents/Unreal Projects/LocalMultiBaseCPP/Content/Assets/GroundTexture/textures/MetalnessGround0.ubulk" 929
"C:/Users/user/Documents/Unreal Projects/LocalMultiBaseCPP/Content/Assets/GroundTexture/textures/MetalnessGround0.uasset" 930
"C:/Users/user/Documents/Unreal Projects/LocalMultiBaseCPP/Content/Assets/GroundTexture/textures/MetalnessGround0.uexp" 931
"C:/Users/user/Documents/Unreal Projects/LocalMultiBaseCPP/Content/Assets/GroundTexture/textures/BaseColorGround.ubulk" 932
"C:/Users/user/Documents/Unreal Projects/LocalMultiBaseCPP/Content/Assets/GroundTexture/textures/BaseColorGround.uasset" 933
"C:/Users/user/Documents/Unreal Projects/LocalMultiBaseCPP/Content/Assets/GroundTexture/textures/BaseColorGround.uexp" 934
"C:/Users/user/Documents/Unreal Projects/LocalMultiBaseCPP/Content/Assets/GroundTexture/textures/RoughnessGround.ubulk" 935
"C:/Users/user/Documents/Unreal Projects/LocalMultiBaseCPP/Content/Assets/GroundTexture/textures/RoughnessGround.uasset" 936
"C:/Users/user/Documents/Unreal Projects/LocalMultiBaseCPP/Content/Assets/GroundTexture/textures/RoughnessGround.uexp" 937
"C:/Users/user/Documents/Unreal Projects/LocalMultiBaseCPP/Content/Assets/GroundTexture/Material.uasset" 938
"C:/Users/user/Documents/Unreal Projects/LocalMultiBaseCPP/Content/Assets/GroundTexture/Material.uexp" 939
"C:/Users/user/Documents/Unreal Projects/LocalMultiBaseCPP/Content/Assets/GroundTexture/MaterialScene_Det3__Sphere.ubulk" 940
"C:/Users/user/Documents/Unreal Projects/LocalMultiBaseCPP/Content/Assets/GroundTexture/MaterialScene_Det3__Sphere.uasset" 941
"C:/Users/user/Documents/Unreal Projects/LocalMultiBaseCPP/Content/Assets/GroundTexture/MaterialScene_Det3__Sphere.uexp" 942
"C:/Users/user/Documents/Unreal Projects/LocalMultiBaseCPP/Content/Assets/GroundTexture/MaterialScene_Det3__Plane.ubulk" 943
"C:/Users/user/Documents/Unreal Projects/LocalMultiBaseCPP/Content/Assets/GroundTexture/MaterialScene_Det3__Plane.uasset" 944
"C:/Users/user/Documents/Unreal Projects/LocalMultiBaseCPP/Content/Assets/GroundTexture/MaterialScene_Det3__Plane.uexp" 945
"C:/Users/user/Documents/Unreal Projects/LocalMultiBaseCPP/Content/Assets/GroundTexture/MaterialScene_Det3__Cube.ubulk" 946
"C:/Users/user/Documents/Unreal Projects/LocalMultiBaseCPP/Content/Assets/GroundTexture/MaterialScene_Det3__Cube.uasset" 947
"C:/Users/user/Documents/Unreal Projects/LocalMultiBaseCPP/Content/Assets/GroundTexture/MaterialScene_Det3__Cube.uexp" 948
"C:/Users/user/Documents/Unreal Projects/LocalMultiBaseCPP/Content/Assets/GroundTexture/File_2_FBX_MODEL_ground_texture.ubulk" 949
"C:/Users/user/Documents/Unreal Projects/LocalMultiBaseCPP/Content/Assets/GroundTexture/File_2_FBX_MODEL_ground_texture.uasset" 950
"C:/Users/user/Documents/Unreal Projects/LocalMultiBaseCPP/Content/Assets/GroundTexture/File_2_FBX_MODEL_ground_texture.uexp" 951
"C:/Users/user/Documents/Unreal Projects/LocalMultiBaseCPP/Content/Assets/goblin/Gobelin_ncl1_1.ubulk" 952
"C:/Users/user/Documents/Unreal Projects/LocalMultiBaseCPP/Content/Assets/goblin/Gobelin_ncl1_1.uasset" 953
"C:/Users/user/Documents/Unreal Projects/LocalMultiBaseCPP/Content/Assets/goblin/Gobelin_ncl1_1.uexp" 954
"C:/Users/user/Documents/Unreal Projects/LocalMultiBaseCPP/Content/Assets/goblin/Gobelin.uasset" 955
"C:/Users/user/Documents/Unreal Projects/LocalMultiBaseCPP/Content/Assets/goblin/Gobelin.uexp" 956
"C:/Users/user/Documents/Unreal Projects/LocalMultiBaseCPP/Content/Assets/goblin/Running__3__PhysicsAsset.uasset" 957
"C:/Users/user/Documents/Unreal Projects/LocalMultiBaseCPP/Content/Assets/goblin/Running__3__PhysicsAsset.uexp" 958
"C:/Users/user/Documents/Unreal Projects/LocalMultiBaseCPP/Content/Assets/goblin/arms_ncl1_1.ubulk" 959
"C:/Users/user/Documents/Unreal Projects/LocalMultiBaseCPP/Content/Assets/goblin/arms_ncl1_1.uasset" 960
"C:/Users/user/Documents/Unreal Projects/LocalMultiBaseCPP/Content/Assets/goblin/arms_ncl1_1.uexp" 961
"C:/Users/user/Documents/Unreal Projects/LocalMultiBaseCPP/Content/Assets/goblin/arms.uasset" 962
"C:/Users/user/Documents/Unreal Projects/LocalMultiBaseCPP/Content/Assets/goblin/arms.uexp" 963
"C:/Users/user/Documents/Unreal Projects/LocalMultiBaseCPP/Content/Assets/goblin/Running__3_.uasset" 964
"C:/Users/user/Documents/Unreal Projects/LocalMultiBaseCPP/Content/Assets/goblin/Running__3_.uexp" 965
"C:/Users/user/Documents/Unreal Projects/LocalMultiBaseCPP/Content/Assets/goblin/Falling_Back_Death_Skeleton.uasset" 966
"C:/Users/user/Documents/Unreal Projects/LocalMultiBaseCPP/Content/Assets/goblin/Falling_Back_Death_Skeleton.uexp" 967
"C:/Users/user/Documents/Unreal Projects/LocalMultiBaseCPP/Content/Assets/goblin/Falling_Back_Death_Skeleton_Montage.uasset" 968
"C:/Users/user/Documents/Unreal Projects/LocalMultiBaseCPP/Content/Assets/goblin/Falling_Back_Death_Skeleton_Montage.uexp" 969
"C:/Users/user/Documents/Unreal Projects/LocalMultiBaseCPP/Content/Assets/goblin/Falling_Back_Death_PhysicsAsset.uasset" 970
"C:/Users/user/Documents/Unreal Projects/LocalMultiBaseCPP/Content/Assets/goblin/Falling_Back_Death_PhysicsAsset.uexp" 971
"C:/Users/user/Documents/Unreal Projects/LocalMultiBaseCPP/Content/Assets/goblin/Falling_Back_Death.uasset" 972
"C:/Users/user/Documents/Unreal Projects/LocalMultiBaseCPP/Content/Assets/goblin/Falling_Back_Death.uexp" 973
"C:/Users/user/Documents/Unreal Projects/LocalMultiBaseCPP/Content/Assets/Female/Standing_Idle_PhysicsAsset.uasset" 974
"C:/Users/user/Documents/Unreal Projects/LocalMultiBaseCPP/Content/Assets/Female/Standing_Idle_PhysicsAsset.uexp" 975
"C:/Users/user/Documents/Unreal Projects/LocalMultiBaseCPP/Content/Assets/Female/textures/1a.ubulk" 976
"C:/Users/user/Documents/Unreal Projects/LocalMultiBaseCPP/Content/Assets/Female/textures/1a.uasset" 977
"C:/Users/user/Documents/Unreal Projects/LocalMultiBaseCPP/Content/Assets/Female/textures/1a.uexp" 978
"C:/Users/user/Documents/Unreal Projects/LocalMultiBaseCPP/Content/Assets/Female/textures/1n.ubulk" 979
"C:/Users/user/Documents/Unreal Projects/LocalMultiBaseCPP/Content/Assets/Female/textures/1n.uasset" 980
"C:/Users/user/Documents/Unreal Projects/LocalMultiBaseCPP/Content/Assets/Female/textures/1n.uexp" 981
"C:/Users/user/Documents/Unreal Projects/LocalMultiBaseCPP/Content/Assets/Female/textures/1.ubulk" 982
"C:/Users/user/Documents/Unreal Projects/LocalMultiBaseCPP/Content/Assets/Female/textures/1.uasset" 983
"C:/Users/user/Documents/Unreal Projects/LocalMultiBaseCPP/Content/Assets/Female/textures/1.uexp" 984
"C:/Users/user/Documents/Unreal Projects/LocalMultiBaseCPP/Content/Assets/Female/GTA_Mtl.uasset" 985
"C:/Users/user/Documents/Unreal Projects/LocalMultiBaseCPP/Content/Assets/Female/GTA_Mtl.uexp" 986
"C:/Users/user/Documents/Unreal Projects/LocalMultiBaseCPP/Content/Assets/Female/textures/2.ubulk" 987
"C:/Users/user/Documents/Unreal Projects/LocalMultiBaseCPP/Content/Assets/Female/textures/2.uasset" 988
"C:/Users/user/Documents/Unreal Projects/LocalMultiBaseCPP/Content/Assets/Female/textures/2.uexp" 989
"C:/Users/user/Documents/Unreal Projects/LocalMultiBaseCPP/Content/Assets/Female/GTA_Mtl_002.uasset" 990
"C:/Users/user/Documents/Unreal Projects/LocalMultiBaseCPP/Content/Assets/Female/GTA_Mtl_002.uexp" 991
"C:/Users/user/Documents/Unreal Projects/LocalMultiBaseCPP/Content/Assets/Female/Standing_Idle_Skeleton.uasset" 992
"C:/Users/user/Documents/Unreal Projects/LocalMultiBaseCPP/Content/Assets/Female/Standing_Idle_Skeleton.uexp" 993
"C:/Users/user/Documents/Unreal Projects/LocalMultiBaseCPP/Content/Assets/Female/textures/3.ubulk" 994
"C:/Users/user/Documents/Unreal Projects/LocalMultiBaseCPP/Content/Assets/Female/textures/3.uasset" 995
"C:/Users/user/Documents/Unreal Projects/LocalMultiBaseCPP/Content/Assets/Female/textures/3.uexp" 996
"C:/Users/user/Documents/Unreal Projects/LocalMultiBaseCPP/Content/Assets/Female/GTA_Mtl_001.uasset" 997
"C:/Users/user/Documents/Unreal Projects/LocalMultiBaseCPP/Content/Assets/Female/GTA_Mtl_001.uexp" 998
"C:/Users/user/Documents/Unreal Projects/LocalMultiBaseCPP/Content/Assets/Female/Standing_Idle.uasset" 999
"C:/Users/user/Documents/Unreal Projects/LocalMultiBaseCPP/Content/Assets/Female/Standing_Idle.uexp" 1000
"C:/Users/user/Documents/Unreal Projects/LocalMultiBaseCPP/Content/Assets/BossPortal2/textures/lambert1_Normal.ubulk" 1001
"C:/Users/user/Documents/Unreal Projects/LocalMultiBaseCPP/Content/Assets/BossPortal2/textures/lambert1_Normal.uasset" 1002
"C:/Users/user/Documents/Unreal Projects/LocalMultiBaseCPP/Content/Assets/BossPortal2/textures/lambert1_Normal.uexp" 1003
"C:/Users/user/Documents/Unreal Projects/LocalMultiBaseCPP/Content/Assets/BossPortal2/textures/lambert1_Mixed_AO.ubulk" 1004
"C:/Users/user/Documents/Unreal Projects/LocalMultiBaseCPP/Content/Assets/BossPortal2/textures/lambert1_Mixed_AO.uasset" 1005
"C:/Users/user/Documents/Unreal Projects/LocalMultiBaseCPP/Content/Assets/BossPortal2/textures/lambert1_Mixed_AO.uexp" 1006
"C:/Users/user/Documents/Unreal Projects/LocalMultiBaseCPP/Content/Assets/BossPortal2/textures/lambert1_Roughness.ubulk" 1007
"C:/Users/user/Documents/Unreal Projects/LocalMultiBaseCPP/Content/Assets/BossPortal2/textures/lambert1_Roughness.uasset" 1008
"C:/Users/user/Documents/Unreal Projects/LocalMultiBaseCPP/Content/Assets/BossPortal2/textures/lambert1_Roughness.uexp" 1009
"C:/Users/user/Documents/Unreal Projects/LocalMultiBaseCPP/Content/Assets/BossPortal2/textures/lambert1_Specular.ubulk" 1010
"C:/Users/user/Documents/Unreal Projects/LocalMultiBaseCPP/Content/Assets/BossPortal2/textures/lambert1_Specular.uasset" 1011
"C:/Users/user/Documents/Unreal Projects/LocalMultiBaseCPP/Content/Assets/BossPortal2/textures/lambert1_Specular.uexp" 1012
"C:/Users/user/Documents/Unreal Projects/LocalMultiBaseCPP/Content/Assets/BossPortal2/textures/lambert1_Metallic.ubulk" 1013
"C:/Users/user/Documents/Unreal Projects/LocalMultiBaseCPP/Content/Assets/BossPortal2/textures/lambert1_Metallic.uasset" 1014
"C:/Users/user/Documents/Unreal Projects/LocalMultiBaseCPP/Content/Assets/BossPortal2/textures/lambert1_Metallic.uexp" 1015
"C:/Users/user/Documents/Unreal Projects/LocalMultiBaseCPP/Content/Assets/BossPortal2/textures/lambert1_Emissive.ubulk" 1016
"C:/Users/user/Documents/Unreal Projects/LocalMultiBaseCPP/Content/Assets/BossPortal2/textures/lambert1_Emissive.uasset" 1017
"C:/Users/user/Documents/Unreal Projects/LocalMultiBaseCPP/Content/Assets/BossPortal2/textures/lambert1_Emissive.uexp" 1018
"C:/Users/user/Documents/Unreal Projects/LocalMultiBaseCPP/Content/Assets/BossPortal2/textures/lambert1_Base_Color.ubulk" 1019
"C:/Users/user/Documents/Unreal Projects/LocalMultiBaseCPP/Content/Assets/BossPortal2/textures/lambert1_Base_Color.uasset" 1020
"C:/Users/user/Documents/Unreal Projects/LocalMultiBaseCPP/Content/Assets/BossPortal2/textures/lambert1_Base_Color.uexp" 1021
"C:/Users/user/Documents/Unreal Projects/LocalMultiBaseCPP/Content/Assets/BossPortal2/lambert1.uasset" 1022
"C:/Users/user/Documents/Unreal Projects/LocalMultiBaseCPP/Content/Assets/BossPortal2/lambert1.uexp" 1023
"C:/Users/user/Documents/Unreal Projects/LocalMultiBaseCPP/Content/Assets/BossPortal2/portal_attempt_03_low_Portal_runes_06_low.ubulk" 1024
"C:/Users/user/Documents/Unreal Projects/LocalMultiBaseCPP/Content/Assets/BossPortal2/portal_attempt_03_low_Portal_runes_06_low.uasset" 1025
"C:/Users/user/Documents/Unreal Projects/LocalMultiBaseCPP/Content/Assets/BossPortal2/portal_attempt_03_low_Portal_runes_06_low.uexp" 1026
"C:/Users/user/Documents/Unreal Projects/LocalMultiBaseCPP/Content/Assets/BossPortal2/portal_attempt_03_low_Portal_runes_05_low.ubulk" 1027
"C:/Users/user/Documents/Unreal Projects/LocalMultiBaseCPP/Content/Assets/BossPortal2/portal_attempt_03_low_Portal_runes_05_low.uasset" 1028
"C:/Users/user/Documents/Unreal Projects/LocalMultiBaseCPP/Content/Assets/BossPortal2/portal_attempt_03_low_Portal_runes_05_low.uexp" 1029
"C:/Users/user/Documents/Unreal Projects/LocalMultiBaseCPP/Content/Assets/BossPortal2/portal_attempt_03_low_Portal_runes_04_low.ubulk" 1030
"C:/Users/user/Documents/Unreal Projects/LocalMultiBaseCPP/Content/Assets/BossPortal2/portal_attempt_03_low_Portal_runes_04_low.uasset" 1031
"C:/Users/user/Documents/Unreal Projects/LocalMultiBaseCPP/Content/Assets/BossPortal2/portal_attempt_03_low_Portal_runes_04_low.uexp" 1032
"C:/Users/user/Documents/Unreal Projects/LocalMultiBaseCPP/Content/Assets/BossPortal2/portal_attempt_03_low_Portal_runes_03_low.ubulk" 1033
"C:/Users/user/Documents/Unreal Projects/LocalMultiBaseCPP/Content/Assets/BossPortal2/portal_attempt_03_low_Portal_runes_03_low.uasset" 1034
"C:/Users/user/Documents/Unreal Projects/LocalMultiBaseCPP/Content/Assets/BossPortal2/portal_attempt_03_low_Portal_runes_03_low.uexp" 1035
"C:/Users/user/Documents/Unreal Projects/LocalMultiBaseCPP/Content/Assets/BossPortal2/portal_attempt_03_low_Portal_runes_02_low.ubulk" 1036
"C:/Users/user/Documents/Unreal Projects/LocalMultiBaseCPP/Content/Assets/BossPortal2/portal_attempt_03_low_Portal_runes_02_low.uasset" 1037
"C:/Users/user/Documents/Unreal Projects/LocalMultiBaseCPP/Content/Assets/BossPortal2/portal_attempt_03_low_Portal_runes_02_low.uexp" 1038
"C:/Users/user/Documents/Unreal Projects/LocalMultiBaseCPP/Content/Assets/BossPortal2/portal_attempt_03_low_Portal_runes_01_low.ubulk" 1039
"C:/Users/user/Documents/Unreal Projects/LocalMultiBaseCPP/Content/Assets/BossPortal2/portal_attempt_03_low_Portal_runes_01_low.uasset" 1040
"C:/Users/user/Documents/Unreal Projects/LocalMultiBaseCPP/Content/Assets/BossPortal2/portal_attempt_03_low_Portal_runes_01_low.uexp" 1041
"C:/Users/user/Documents/Unreal Projects/LocalMultiBaseCPP/Content/Assets/Audio/blue-blood-wav-29192.ubulk" 1042
"C:/Users/user/Documents/Unreal Projects/LocalMultiBaseCPP/Content/Assets/Audio/blue-blood-wav-29192.uasset" 1043
"C:/Users/user/Documents/Unreal Projects/LocalMultiBaseCPP/Content/Assets/Audio/blue-blood-wav-29192.uexp" 1044
"../../../Engine/Plugins/Interchange/Runtime/Content/gltf/MaterialFunctions/MF_RotateV2.uasset" 1045
"../../../Engine/Plugins/Interchange/Runtime/Content/gltf/MaterialFunctions/MF_RotateV2.uexp" 1046
"../../../Engine/Plugins/Interchange/Runtime/Content/gltf/MaterialFunctions/MF_TransformUVs.uasset" 1047
"../../../Engine/Plugins/Interchange/Runtime/Content/gltf/MaterialFunctions/MF_TransformUVs.uexp" 1048
"../../../Engine/Plugins/Interchange/Runtime/Content/gltf/Textures/T_White_srgb.uasset" 1049
"../../../Engine/Plugins/Interchange/Runtime/Content/gltf/Textures/T_White_srgb.uexp" 1050
"../../../Engine/Plugins/Interchange/Runtime/Content/gltf/MaterialFunctions/MF_BaseColor.uasset" 1051
"../../../Engine/Plugins/Interchange/Runtime/Content/gltf/MaterialFunctions/MF_BaseColor.uexp" 1052
"../../../Engine/Plugins/Interchange/Runtime/Content/gltf/MaterialBodies/MF_Unlit_Body.uasset" 1053
"../../../Engine/Plugins/Interchange/Runtime/Content/gltf/MaterialBodies/MF_Unlit_Body.uexp" 1054
"../../../Engine/Plugins/Interchange/Runtime/Content/gltf/M_Unlit.uasset" 1055
"../../../Engine/Plugins/Interchange/Runtime/Content/gltf/M_Unlit.uexp" 1056
"../../../Engine/Plugins/Interchange/Runtime/Content/gltf/MaterialInstances/MI_Unlit_Opaque_DS.uasset" 1057
"../../../Engine/Plugins/Interchange/Runtime/Content/gltf/MaterialInstances/MI_Unlit_Opaque_DS.uexp" 1058
"../../../Engine/Plugins/Interchange/Runtime/Content/gltf/MaterialInstances/MI_Unlit_Opaque.uasset" 1059
"../../../Engine/Plugins/Interchange/Runtime/Content/gltf/MaterialInstances/MI_Unlit_Opaque.uexp" 1060
"../../../Engine/Plugins/Interchange/Runtime/Content/gltf/MaterialInstances/MI_Unlit_Mask_DS.uasset" 1061
"../../../Engine/Plugins/Interchange/Runtime/Content/gltf/MaterialInstances/MI_Unlit_Mask_DS.uexp" 1062
"../../../Engine/Plugins/Interchange/Runtime/Content/gltf/MaterialInstances/MI_Unlit_Mask.uasset" 1063
"../../../Engine/Plugins/Interchange/Runtime/Content/gltf/MaterialInstances/MI_Unlit_Mask.uexp" 1064
"../../../Engine/Plugins/Interchange/Runtime/Content/gltf/MaterialInstances/MI_Unlit_Blend_DS.uasset" 1065
"../../../Engine/Plugins/Interchange/Runtime/Content/gltf/MaterialInstances/MI_Unlit_Blend_DS.uexp" 1066
"../../../Engine/Plugins/Interchange/Runtime/Content/gltf/MaterialInstances/MI_Unlit_Blend.uasset" 1067
"../../../Engine/Plugins/Interchange/Runtime/Content/gltf/MaterialInstances/MI_Unlit_Blend.uexp" 1068
"../../../Engine/Plugins/Interchange/Runtime/Content/gltf/MaterialFunctions/MF_Iridescence.uasset" 1069
"../../../Engine/Plugins/Interchange/Runtime/Content/gltf/MaterialFunctions/MF_Iridescence.uexp" 1070
"../../../Engine/Plugins/Interchange/Runtime/Content/gltf/Textures/T_White_Linear.uasset" 1071
"../../../Engine/Plugins/Interchange/Runtime/Content/gltf/Textures/T_White_Linear.uexp" 1072
"../../../Engine/Plugins/Interchange/Runtime/Content/gltf/MaterialFunctions/MF_MetallicRoughness.uasset" 1073
"../../../Engine/Plugins/Interchange/Runtime/Content/gltf/MaterialFunctions/MF_MetallicRoughness.uexp" 1074
"../../../Engine/Plugins/Interchange/Runtime/Content/gltf/MaterialFunctions/MF_Transmission.uasset" 1075
"../../../Engine/Plugins/Interchange/Runtime/Content/gltf/MaterialFunctions/MF_Transmission.uexp" 1076
"../../../Engine/Plugins/Interchange/Runtime/Content/gltf/MaterialFunctions/MF_Occlusion.uasset" 1077
"../../../Engine/Plugins/Interchange/Runtime/Content/gltf/MaterialFunctions/MF_Occlusion.uexp" 1078
"../../../Engine/Plugins/Interchange/Runtime/Content/gltf/MaterialFunctions/MF_Specular.uasset" 1079
"../../../Engine/Plugins/Interchange/Runtime/Content/gltf/MaterialFunctions/MF_Specular.uexp" 1080
"../../../Engine/Plugins/Interchange/Runtime/Content/gltf/MaterialFunctions/MF_IOR.uasset" 1081
"../../../Engine/Plugins/Interchange/Runtime/Content/gltf/MaterialFunctions/MF_IOR.uexp" 1082
"../../../Engine/Plugins/Interchange/Runtime/Content/gltf/MaterialFunctions/MF_RotateNormals_TS.uasset" 1083
"../../../Engine/Plugins/Interchange/Runtime/Content/gltf/MaterialFunctions/MF_RotateNormals_TS.uexp" 1084
"../../../Engine/Plugins/Interchange/Runtime/Content/gltf/Textures/T_Generic_N.uasset" 1085
"../../../Engine/Plugins/Interchange/Runtime/Content/gltf/Textures/T_Generic_N.uexp" 1086
"../../../Engine/Plugins/Interchange/Runtime/Content/gltf/MaterialFunctions/MF_Normals.uasset" 1087
"../../../Engine/Plugins/Interchange/Runtime/Content/gltf/MaterialFunctions/MF_Normals.uexp" 1088
"../../../Engine/Plugins/Interchange/Runtime/Content/gltf/MaterialBodies/MF_Transmission_Body.uasset" 1089
"../../../Engine/Plugins/Interchange/Runtime/Content/gltf/MaterialBodies/MF_Transmission_Body.uexp" 1090
"../../../Engine/Plugins/Interchange/Runtime/Content/gltf/M_Transmission.uasset" 1091
"../../../Engine/Plugins/Interchange/Runtime/Content/gltf/M_Transmission.uexp" 1092
"../../../Engine/Plugins/Interchange/Runtime/Content/gltf/MaterialInstances/MI_Transmission_DS.uasset" 1093
"../../../Engine/Plugins/Interchange/Runtime/Content/gltf/MaterialInstances/MI_Transmission_DS.uexp" 1094
"../../../Engine/Plugins/Interchange/Runtime/Content/gltf/MaterialInstances/MI_Transmission.uasset" 1095
"../../../Engine/Plugins/Interchange/Runtime/Content/gltf/MaterialInstances/MI_Transmission.uexp" 1096
"../../../Engine/Plugins/Interchange/Runtime/Content/gltf/MaterialFunctions/MF_DiffuseSpecGloss.uasset" 1097
"../../../Engine/Plugins/Interchange/Runtime/Content/gltf/MaterialFunctions/MF_DiffuseSpecGloss.uexp" 1098
"../../../Engine/Content/Functions/Engine_MaterialFunctions02/Math/AddComponents.uasset" 1099
"../../../Engine/Content/Functions/Engine_MaterialFunctions02/Math/AddComponents.uexp" 1100
"../../../Engine/Plugins/Interchange/Runtime/Content/gltf/MaterialFunctions/MF_PerceivedBrightness.uasset" 1101
"../../../Engine/Plugins/Interchange/Runtime/Content/gltf/MaterialFunctions/MF_PerceivedBrightness.uexp" 1102
"../../../Engine/Plugins/Interchange/Runtime/Content/gltf/MaterialFunctions/MF_Emissive.uasset" 1103
"../../../Engine/Plugins/Interchange/Runtime/Content/gltf/MaterialFunctions/MF_Emissive.uexp" 1104
"../../../Engine/Plugins/Interchange/Runtime/Content/gltf/MaterialFunctions/MF_SpecGlossToMetalRoughness.uasset" 1105
"../../../Engine/Plugins/Interchange/Runtime/Content/gltf/MaterialFunctions/MF_SpecGlossToMetalRoughness.uexp" 1106
"../../../Engine/Plugins/Interchange/Runtime/Content/gltf/MaterialBodies/MF_SpecularGlossiness_Body.uasset" 1107
"../../../Engine/Plugins/Interchange/Runtime/Content/gltf/MaterialBodies/MF_SpecularGlossiness_Body.uexp" 1108
"../../../Engine/Plugins/Interchange/Runtime/Content/gltf/M_SpecularGlossiness.uasset" 1109
"../../../Engine/Plugins/Interchange/Runtime/Content/gltf/M_SpecularGlossiness.uexp" 1110
"../../../Engine/Plugins/Interchange/Runtime/Content/gltf/MaterialInstances/MI_SpecularGlossiness_Opaque_DS.uasset" 1111
"../../../Engine/Plugins/Interchange/Runtime/Content/gltf/MaterialInstances/MI_SpecularGlossiness_Opaque_DS.uexp" 1112
"../../../Engine/Plugins/Interchange/Runtime/Content/gltf/MaterialInstances/MI_SpecularGlossiness_Opaque.uasset" 1113
"../../../Engine/Plugins/Interchange/Runtime/Content/gltf/MaterialInstances/MI_SpecularGlossiness_Opaque.uexp" 1114
"../../../Engine/Plugins/Interchange/Runtime/Content/gltf/MaterialInstances/MI_SpecularGlossiness_Mask_DS.uasset" 1115
"../../../Engine/Plugins/Interchange/Runtime/Content/gltf/MaterialInstances/MI_SpecularGlossiness_Mask_DS.uexp" 1116
"../../../Engine/Plugins/Interchange/Runtime/Content/gltf/MaterialInstances/MI_SpecularGlossiness_Mask.uasset" 1117
"../../../Engine/Plugins/Interchange/Runtime/Content/gltf/MaterialInstances/MI_SpecularGlossiness_Mask.uexp" 1118
"../../../Engine/Plugins/Interchange/Runtime/Content/gltf/MaterialInstances/MI_SpecularGlossiness_Blend_DS.uasset" 1119
"../../../Engine/Plugins/Interchange/Runtime/Content/gltf/MaterialInstances/MI_SpecularGlossiness_Blend_DS.uexp" 1120
"../../../Engine/Plugins/Interchange/Runtime/Content/gltf/MaterialInstances/MI_SpecularGlossiness_Blend.uasset" 1121
"../../../Engine/Plugins/Interchange/Runtime/Content/gltf/MaterialInstances/MI_SpecularGlossiness_Blend.uexp" 1122
"../../../Engine/Plugins/Interchange/Runtime/Content/gltf/MaterialFunctions/MF_Sheen.uasset" 1123
"../../../Engine/Plugins/Interchange/Runtime/Content/gltf/MaterialFunctions/MF_Sheen.uexp" 1124
"../../../Engine/Plugins/Interchange/Runtime/Content/gltf/MaterialBodies/MF_Sheen_Body.uasset" 1125
"../../../Engine/Plugins/Interchange/Runtime/Content/gltf/MaterialBodies/MF_Sheen_Body.uexp" 1126
"../../../Engine/Plugins/Interchange/Runtime/Content/gltf/M_Sheen.uasset" 1127
"../../../Engine/Plugins/Interchange/Runtime/Content/gltf/M_Sheen.uexp" 1128
"../../../Engine/Plugins/Interchange/Runtime/Content/gltf/MaterialInstances/MI_Sheen_Opaque_DS.uasset" 1129
"../../../Engine/Plugins/Interchange/Runtime/Content/gltf/MaterialInstances/MI_Sheen_Opaque_DS.uexp" 1130
"../../../Engine/Plugins/Interchange/Runtime/Content/gltf/MaterialInstances/MI_Sheen_Opaque.uasset" 1131
"../../../Engine/Plugins/Interchange/Runtime/Content/gltf/MaterialInstances/MI_Sheen_Opaque.uexp" 1132
"../../../Engine/Plugins/Interchange/Runtime/Content/gltf/MaterialInstances/MI_Sheen_Mask_DS.uasset" 1133
"../../../Engine/Plugins/Interchange/Runtime/Content/gltf/MaterialInstances/MI_Sheen_Mask_DS.uexp" 1134
"../../../Engine/Plugins/Interchange/Runtime/Content/gltf/MaterialInstances/MI_Sheen_Mask.uasset" 1135
"../../../Engine/Plugins/Interchange/Runtime/Content/gltf/MaterialInstances/MI_Sheen_Mask.uexp" 1136
"../../../Engine/Plugins/Interchange/Runtime/Content/gltf/MaterialInstances/MI_Sheen_Blend_DS.uasset" 1137
"../../../Engine/Plugins/Interchange/Runtime/Content/gltf/MaterialInstances/MI_Sheen_Blend_DS.uexp" 1138
"../../../Engine/Plugins/Interchange/Runtime/Content/gltf/MaterialInstances/MI_Sheen_Blend.uasset" 1139
"../../../Engine/Plugins/Interchange/Runtime/Content/gltf/MaterialInstances/MI_Sheen_Blend.uexp" 1140
"../../../Engine/Plugins/Interchange/Runtime/Content/gltf/MaterialBodies/MF_Default_Body.uasset" 1141
"../../../Engine/Plugins/Interchange/Runtime/Content/gltf/MaterialBodies/MF_Default_Body.uexp" 1142
"../../../Engine/Plugins/Interchange/Runtime/Content/gltf/M_Default.uasset" 1143
"../../../Engine/Plugins/Interchange/Runtime/Content/gltf/M_Default.uexp" 1144
"../../../Engine/Plugins/Interchange/Runtime/Content/gltf/MaterialInstances/MI_Default_Opaque_DS.uasset" 1145
"../../../Engine/Plugins/Interchange/Runtime/Content/gltf/MaterialInstances/MI_Default_Opaque_DS.uexp" 1146
"../../../Engine/Plugins/Interchange/Runtime/Content/gltf/MaterialInstances/MI_Default_Opaque.uasset" 1147
"../../../Engine/Plugins/Interchange/Runtime/Content/gltf/MaterialInstances/MI_Default_Opaque.uexp" 1148
"../../../Engine/Plugins/Interchange/Runtime/Content/gltf/MaterialInstances/MI_Default_Mask_DS.uasset" 1149
"../../../Engine/Plugins/Interchange/Runtime/Content/gltf/MaterialInstances/MI_Default_Mask_DS.uexp" 1150
"../../../Engine/Plugins/Interchange/Runtime/Content/gltf/MaterialInstances/MI_Default_Mask.uasset" 1151
"../../../Engine/Plugins/Interchange/Runtime/Content/gltf/MaterialInstances/MI_Default_Mask.uexp" 1152
"../../../Engine/Plugins/Interchange/Runtime/Content/gltf/MaterialInstances/MI_Default_Blend_DS.uasset" 1153
"../../../Engine/Plugins/Interchange/Runtime/Content/gltf/MaterialInstances/MI_Default_Blend_DS.uexp" 1154
"../../../Engine/Plugins/Interchange/Runtime/Content/gltf/MaterialInstances/MI_Default_Blend.uasset" 1155
"../../../Engine/Plugins/Interchange/Runtime/Content/gltf/MaterialInstances/MI_Default_Blend.uexp" 1156
"../../../Engine/Content/Functions/Engine_MaterialFunctions01/Texturing/FlattenNormal.uasset" 1157
"../../../Engine/Content/Functions/Engine_MaterialFunctions01/Texturing/FlattenNormal.uexp" 1158
"../../../Engine/Plugins/Interchange/Runtime/Content/gltf/MaterialFunctions/MF_Clearcoat.uasset" 1159
"../../../Engine/Plugins/Interchange/Runtime/Content/gltf/MaterialFunctions/MF_Clearcoat.uexp" 1160
"../../../Engine/Plugins/Interchange/Runtime/Content/gltf/MaterialBodies/MF_ClearCoat_Body.uasset" 1161
"../../../Engine/Plugins/Interchange/Runtime/Content/gltf/MaterialBodies/MF_ClearCoat_Body.uexp" 1162
"../../../Engine/Plugins/Interchange/Runtime/Content/gltf/M_ClearCoat.uasset" 1163
"../../../Engine/Plugins/Interchange/Runtime/Content/gltf/M_ClearCoat.uexp" 1164
"../../../Engine/Plugins/Interchange/Runtime/Content/gltf/MaterialInstances/MI_ClearCoat_Opaque_DS.uasset" 1165
"../../../Engine/Plugins/Interchange/Runtime/Content/gltf/MaterialInstances/MI_ClearCoat_Opaque_DS.uexp" 1166
"../../../Engine/Plugins/Interchange/Runtime/Content/gltf/MaterialInstances/MI_ClearCoat_Opaque.uasset" 1167
"../../../Engine/Plugins/Interchange/Runtime/Content/gltf/MaterialInstances/MI_ClearCoat_Opaque.uexp" 1168
"../../../Engine/Plugins/Interchange/Runtime/Content/gltf/MaterialInstances/MI_ClearCoat_Mask_DS.uasset" 1169
"../../../Engine/Plugins/Interchange/Runtime/Content/gltf/MaterialInstances/MI_ClearCoat_Mask_DS.uexp" 1170
"../../../Engine/Plugins/Interchange/Runtime/Content/gltf/MaterialInstances/MI_ClearCoat_Mask.uasset" 1171
"../../../Engine/Plugins/Interchange/Runtime/Content/gltf/MaterialInstances/MI_ClearCoat_Mask.uexp" 1172
"../../../Engine/Plugins/Interchange/Runtime/Content/gltf/MaterialInstances/MI_ClearCoat_Blend_DS.uasset" 1173
"../../../Engine/Plugins/Interchange/Runtime/Content/gltf/MaterialInstances/MI_ClearCoat_Blend_DS.uexp" 1174
"../../../Engine/Plugins/Interchange/Runtime/Content/gltf/MaterialInstances/MI_ClearCoat_Blend.uasset" 1175
"../../../Engine/Plugins/Interchange/Runtime/Content/gltf/MaterialInstances/MI_ClearCoat_Blend.uexp" 1176
"../../../Engine/Content/MobileResources/HUD/VirtualJoystick_Background.uasset" 1177
"../../../Engine/Content/MobileResources/HUD/VirtualJoystick_Background.uexp" 1178
"../../../Engine/Content/MobileResources/HUD/VirtualJoystick_Thumb.uasset" 1179
"../../../Engine/Content/MobileResources/HUD/VirtualJoystick_Thumb.uexp" 1180
"../../../Engine/Content/MobileResources/HUD/DefaultVirtualJoysticks.uasset" 1181
"../../../Engine/Content/MobileResources/HUD/DefaultVirtualJoysticks.uexp" 1182
"../../../Engine/Content/EngineSky/VolumetricClouds/CloudWeatherTexture.uasset" 1183
"../../../Engine/Content/EngineSky/VolumetricClouds/CloudWeatherTexture.uexp" 1184
"../../../Engine/Content/EngineSky/VolumetricClouds/CloudGradientTexture.uasset" 1185
"../../../Engine/Content/EngineSky/VolumetricClouds/CloudGradientTexture.uexp" 1186
"../../../Engine/Content/EngineSky/VolumetricClouds/T_NoiseShape64.ubulk" 1187
"../../../Engine/Content/EngineSky/VolumetricClouds/T_NoiseShape64.uasset" 1188
"../../../Engine/Content/EngineSky/VolumetricClouds/T_NoiseShape64.uexp" 1189
"../../../Engine/Content/EngineSky/VolumetricClouds/T_VolumeNoiseShape64.uasset" 1190
"../../../Engine/Content/EngineSky/VolumetricClouds/T_VolumeNoiseShape64.uexp" 1191
"../../../Engine/Content/EngineSky/VolumetricClouds/T_NoiseErosion.ubulk" 1192
"../../../Engine/Content/EngineSky/VolumetricClouds/T_NoiseErosion.uasset" 1193
"../../../Engine/Content/EngineSky/VolumetricClouds/T_NoiseErosion.uexp" 1194
"../../../Engine/Content/EngineSky/VolumetricClouds/T_VolumeNoiseErosion32.uasset" 1195
"../../../Engine/Content/EngineSky/VolumetricClouds/T_VolumeNoiseErosion32.uexp" 1196
"../../../Engine/Content/EngineSky/VolumetricClouds/m_SimpleVolumetricCloud.uasset" 1197
"../../../Engine/Content/EngineSky/VolumetricClouds/m_SimpleVolumetricCloud.uexp" 1198
"../../../Engine/Content/EngineSky/VolumetricClouds/m_SimpleVolumetricCloud_Inst.uasset" 1199
"../../../Engine/Content/EngineSky/VolumetricClouds/m_SimpleVolumetricCloud_Inst.uexp" 1200
"../../../Engine/Content/EngineResources/FilmGrains/Marcie_Grain_v3_128_M2_000.uasset" 1201
"../../../Engine/Content/EngineResources/FilmGrains/Marcie_Grain_v3_128_M2_000.uexp" 1202
"../../../Engine/Content/EditorResources/SequenceRecorder/RecordingIndicator.uasset" 1203
"../../../Engine/Content/EditorResources/SequenceRecorder/RecordingIndicator.uexp" 1204
"../../../Engine/Content/EditorResources/SequenceRecorder/Countdown.uasset" 1205
"../../../Engine/Content/EditorResources/SequenceRecorder/Countdown.uexp" 1206
"../../../Engine/Content/EditorMaterials/Dataflow/DataflowVertexMaterial.uasset" 1207
"../../../Engine/Content/EditorMaterials/Dataflow/DataflowVertexMaterial.uexp" 1208
"C:/Users/user/Documents/Unreal Projects/LocalMultiBaseCPP/Content/Assets/Object/Fence/textures/textura_cerca_de_madeira_OCC.ubulk" 1209
"C:/Users/user/Documents/Unreal Projects/LocalMultiBaseCPP/Content/Assets/Object/Fence/textures/textura_cerca_de_madeira_OCC.uasset" 1210
"C:/Users/user/Documents/Unreal Projects/LocalMultiBaseCPP/Content/Assets/Object/Fence/textures/textura_cerca_de_madeira_OCC.uexp" 1211
"C:/Users/user/Documents/Unreal Projects/LocalMultiBaseCPP/Content/Assets/Object/campfire/Wood.uasset" 1212
"C:/Users/user/Documents/Unreal Projects/LocalMultiBaseCPP/Content/Assets/Object/campfire/Wood.uexp" 1213
"C:/Users/user/Documents/Unreal Projects/LocalMultiBaseCPP/Content/Assets/Object/campfire/CampFire_Wood.ubulk" 1214
"C:/Users/user/Documents/Unreal Projects/LocalMultiBaseCPP/Content/Assets/Object/campfire/CampFire_Wood.uasset" 1215
"C:/Users/user/Documents/Unreal Projects/LocalMultiBaseCPP/Content/Assets/Object/campfire/CampFire_Wood.uexp" 1216
"C:/Users/user/Documents/Unreal Projects/LocalMultiBaseCPP/Content/Assets/Object/campfire/textures/internal_ground_ao_texture.ubulk" 1217
"C:/Users/user/Documents/Unreal Projects/LocalMultiBaseCPP/Content/Assets/Object/campfire/textures/internal_ground_ao_texture.uasset" 1218
"C:/Users/user/Documents/Unreal Projects/LocalMultiBaseCPP/Content/Assets/Object/campfire/textures/internal_ground_ao_texture.uexp" 1219
"C:/Users/user/Documents/Unreal Projects/LocalMultiBaseCPP/Content/Assets/Object/campfire/Stones.uasset" 1220
"C:/Users/user/Documents/Unreal Projects/LocalMultiBaseCPP/Content/Assets/Object/campfire/Stones.uexp" 1221
"C:/Users/user/Documents/Unreal Projects/LocalMultiBaseCPP/Content/Assets/Object/campfire/CampFire_Stones.ubulk" 1222
"C:/Users/user/Documents/Unreal Projects/LocalMultiBaseCPP/Content/Assets/Object/campfire/CampFire_Stones.uasset" 1223
"C:/Users/user/Documents/Unreal Projects/LocalMultiBaseCPP/Content/Assets/Object/campfire/CampFire_Stones.uexp" 1224
"C:/Users/user/Documents/Unreal Projects/LocalMultiBaseCPP/Content/Assets/Object/campfire/camp.uasset" 1225
"C:/Users/user/Documents/Unreal Projects/LocalMultiBaseCPP/Content/Assets/Object/campfire/camp.uexp" 1226
"C:/Users/user/Documents/Unreal Projects/LocalMultiBaseCPP/Content/Assets/Male/textures/ID03_alpha.ubulk" 1227
"C:/Users/user/Documents/Unreal Projects/LocalMultiBaseCPP/Content/Assets/Male/textures/ID03_alpha.uasset" 1228
"C:/Users/user/Documents/Unreal Projects/LocalMultiBaseCPP/Content/Assets/Male/textures/ID03_alpha.uexp" 1229
"C:/Users/user/Documents/Unreal Projects/LocalMultiBaseCPP/Content/Assets/Male/textures/ID02_alpha.ubulk" 1230
"C:/Users/user/Documents/Unreal Projects/LocalMultiBaseCPP/Content/Assets/Male/textures/ID02_alpha.uasset" 1231
"C:/Users/user/Documents/Unreal Projects/LocalMultiBaseCPP/Content/Assets/Male/textures/ID02_alpha.uexp" 1232
"C:/Users/user/Documents/Unreal Projects/LocalMultiBaseCPP/Content/Assets/Male/anime/Idle.uasset" 1233
"C:/Users/user/Documents/Unreal Projects/LocalMultiBaseCPP/Content/Assets/Male/anime/Idle.uexp" 1234
"C:/Users/user/Documents/Unreal Projects/LocalMultiBaseCPP/Content/Assets/Male/anime/Walk_Backwards.uasset" 1235
"C:/Users/user/Documents/Unreal Projects/LocalMultiBaseCPP/Content/Assets/Male/anime/Walk_Backwards.uexp" 1236
"C:/Users/user/Documents/Unreal Projects/LocalMultiBaseCPP/Content/Assets/Male/BluePrint/Male_player.uasset" 1237
"C:/Users/user/Documents/Unreal Projects/LocalMultiBaseCPP/Content/Assets/Male/BluePrint/Male_player.uexp" 1238
"C:/Users/user/Documents/Unreal Projects/LocalMultiBaseCPP/Content/Assets/Male/BluePrint/Bs_male.uasset" 1239
"C:/Users/user/Documents/Unreal Projects/LocalMultiBaseCPP/Content/Assets/Male/BluePrint/Bs_male.uexp" 1240
"C:/Users/user/Documents/Unreal Projects/LocalMultiBaseCPP/Content/Assets/Male/anime/Standing_Melee_Attack_Downward_Montage.uasset" 1241
"C:/Users/user/Documents/Unreal Projects/LocalMultiBaseCPP/Content/Assets/Male/anime/Standing_Melee_Attack_Downward_Montage.uexp" 1242
"C:/Users/user/Documents/Unreal Projects/LocalMultiBaseCPP/Content/Assets/Male/anime/Running_Montage.uasset" 1243
"C:/Users/user/Documents/Unreal Projects/LocalMultiBaseCPP/Content/Assets/Male/anime/Running_Montage.uexp" 1244
"C:/Users/user/Documents/Unreal Projects/LocalMultiBaseCPP/Content/Assets/GroundTexture/textures/StoneFloor_height.ubulk" 1245
"C:/Users/user/Documents/Unreal Projects/LocalMultiBaseCPP/Content/Assets/GroundTexture/textures/StoneFloor_height.uasset" 1246
"C:/Users/user/Documents/Unreal Projects/LocalMultiBaseCPP/Content/Assets/GroundTexture/textures/StoneFloor_height.uexp" 1247
"C:/Users/user/Documents/Unreal Projects/LocalMultiBaseCPP/Content/Assets/GroundTexture/textures/internal_ground_ao_texture.ubulk" 1248
"C:/Users/user/Documents/Unreal Projects/LocalMultiBaseCPP/Content/Assets/GroundTexture/textures/internal_ground_ao_texture.uasset" 1249
"C:/Users/user/Documents/Unreal Projects/LocalMultiBaseCPP/Content/Assets/GroundTexture/textures/internal_ground_ao_texture.uexp" 1250
"C:/Users/user/Documents/Unreal Projects/LocalMultiBaseCPP/Content/Assets/Female/textures/internal_ground_ao_texture.ubulk" 1251
"C:/Users/user/Documents/Unreal Projects/LocalMultiBaseCPP/Content/Assets/Female/textures/internal_ground_ao_texture.uasset" 1252
"C:/Users/user/Documents/Unreal Projects/LocalMultiBaseCPP/Content/Assets/Female/textures/internal_ground_ao_texture.uexp" 1253
"C:/Users/user/Documents/Unreal Projects/LocalMultiBaseCPP/Content/Assets/Female/textures/3n.ubulk" 1254
"C:/Users/user/Documents/Unreal Projects/LocalMultiBaseCPP/Content/Assets/Female/textures/3n.uasset" 1255
"C:/Users/user/Documents/Unreal Projects/LocalMultiBaseCPP/Content/Assets/Female/textures/3n.uexp" 1256
"C:/Users/user/Documents/Unreal Projects/LocalMultiBaseCPP/Content/Assets/Female/textures/2n.ubulk" 1257
"C:/Users/user/Documents/Unreal Projects/LocalMultiBaseCPP/Content/Assets/Female/textures/2n.uasset" 1258
"C:/Users/user/Documents/Unreal Projects/LocalMultiBaseCPP/Content/Assets/Female/textures/2n.uexp" 1259
"C:/Users/user/Documents/Unreal Projects/LocalMultiBaseCPP/Content/Assets/Female/textures/2a.ubulk" 1260
"C:/Users/user/Documents/Unreal Projects/LocalMultiBaseCPP/Content/Assets/Female/textures/2a.uasset" 1261
"C:/Users/user/Documents/Unreal Projects/LocalMultiBaseCPP/Content/Assets/Female/textures/2a.uexp" 1262
"C:/Users/user/Documents/Unreal Projects/LocalMultiBaseCPP/Content/Assets/Female/anime/Walk_Backwards.uasset" 1263
"C:/Users/user/Documents/Unreal Projects/LocalMultiBaseCPP/Content/Assets/Female/anime/Walk_Backwards.uexp" 1264
"C:/Users/user/Documents/Unreal Projects/LocalMultiBaseCPP/Content/Assets/Female/anime/Idle.uasset" 1265
"C:/Users/user/Documents/Unreal Projects/LocalMultiBaseCPP/Content/Assets/Female/anime/Idle.uexp" 1266
"C:/Users/user/Documents/Unreal Projects/LocalMultiBaseCPP/Content/Assets/Female/anime/Walking.uasset" 1267
"C:/Users/user/Documents/Unreal Projects/LocalMultiBaseCPP/Content/Assets/Female/anime/Walking.uexp" 1268
"C:/Users/user/Documents/Unreal Projects/LocalMultiBaseCPP/Content/Assets/Female/BluePrint/female_Player.uasset" 1269
"C:/Users/user/Documents/Unreal Projects/LocalMultiBaseCPP/Content/Assets/Female/BluePrint/female_Player.uexp" 1270
"C:/Users/user/Documents/Unreal Projects/LocalMultiBaseCPP/Content/Assets/Female/anime/Standing_2H_Magic_Attack_04.uasset" 1271
"C:/Users/user/Documents/Unreal Projects/LocalMultiBaseCPP/Content/Assets/Female/anime/Standing_2H_Magic_Attack_04.uexp" 1272
"C:/Users/user/Documents/Unreal Projects/LocalMultiBaseCPP/Content/Assets/Female/anime/Standing_2H_Magic_Attack_01.uasset" 1273
"C:/Users/user/Documents/Unreal Projects/LocalMultiBaseCPP/Content/Assets/Female/anime/Standing_2H_Magic_Attack_01.uexp" 1274
"C:/Users/user/Documents/Unreal Projects/LocalMultiBaseCPP/Content/Assets/Female/anime/Standing_2H_Magic_Area_Attack_02.uasset" 1275
"C:/Users/user/Documents/Unreal Projects/LocalMultiBaseCPP/Content/Assets/Female/anime/Standing_2H_Magic_Area_Attack_02.uexp" 1276
"C:/Users/user/Documents/Unreal Projects/LocalMultiBaseCPP/Content/Assets/Female/anime/Standing_1H_Magic_Attack_03.uasset" 1277
"C:/Users/user/Documents/Unreal Projects/LocalMultiBaseCPP/Content/Assets/Female/anime/Standing_1H_Magic_Attack_03.uexp" 1278
"C:/Users/user/Documents/Unreal Projects/LocalMultiBaseCPP/Content/Assets/Female/anime/Fast_Run.uasset" 1279
"C:/Users/user/Documents/Unreal Projects/LocalMultiBaseCPP/Content/Assets/Female/anime/Fast_Run.uexp" 1280
"C:/Users/user/Documents/Unreal Projects/LocalMultiBaseCPP/Content/Assets/BossPortal2/textures/lambert1_Normal_DirectX.ubulk" 1281
"C:/Users/user/Documents/Unreal Projects/LocalMultiBaseCPP/Content/Assets/BossPortal2/textures/lambert1_Normal_DirectX.uasset" 1282
"C:/Users/user/Documents/Unreal Projects/LocalMultiBaseCPP/Content/Assets/BossPortal2/textures/lambert1_Normal_DirectX.uexp" 1283
"C:/Users/user/Documents/Unreal Projects/LocalMultiBaseCPP/Content/Assets/BossPortal2/textures/lambert1_Height.ubulk" 1284
"C:/Users/user/Documents/Unreal Projects/LocalMultiBaseCPP/Content/Assets/BossPortal2/textures/lambert1_Height.uasset" 1285
"C:/Users/user/Documents/Unreal Projects/LocalMultiBaseCPP/Content/Assets/BossPortal2/textures/lambert1_Height.uexp" 1286
"C:/Users/user/Documents/Unreal Projects/LocalMultiBaseCPP/Content/Assets/BossPortal/Portal_Texture/portal_Upper_Bricks1.ubulk" 1287
"C:/Users/user/Documents/Unreal Projects/LocalMultiBaseCPP/Content/Assets/BossPortal/Portal_Texture/portal_Upper_Bricks1.uasset" 1288
"C:/Users/user/Documents/Unreal Projects/LocalMultiBaseCPP/Content/Assets/BossPortal/Portal_Texture/portal_Upper_Bricks1.uexp" 1289
"C:/Users/user/Documents/Unreal Projects/LocalMultiBaseCPP/Content/Assets/BossPortal/Portal_Texture/portal_polySurface31.ubulk" 1290
"C:/Users/user/Documents/Unreal Projects/LocalMultiBaseCPP/Content/Assets/BossPortal/Portal_Texture/portal_polySurface31.uasset" 1291
"C:/Users/user/Documents/Unreal Projects/LocalMultiBaseCPP/Content/Assets/BossPortal/Portal_Texture/portal_polySurface31.uexp" 1292
"C:/Users/user/Documents/Unreal Projects/LocalMultiBaseCPP/Content/Assets/BossPortal/Portal_Texture/portal_Bone_Pillars.ubulk" 1293
"C:/Users/user/Documents/Unreal Projects/LocalMultiBaseCPP/Content/Assets/BossPortal/Portal_Texture/portal_Bone_Pillars.uasset" 1294
"C:/Users/user/Documents/Unreal Projects/LocalMultiBaseCPP/Content/Assets/BossPortal/Portal_Texture/portal_Bone_Pillars.uexp" 1295
"../../../Engine/Content/Functions/Engine_MaterialFunctions01/Shading/PowerToRoughness.uasset" 1296
"../../../Engine/Content/Functions/Engine_MaterialFunctions01/Shading/PowerToRoughness.uexp" 1297
"../../../Engine/Content/Functions/Engine_MaterialFunctions01/Shading/ConvertFromDiffSpec.uasset" 1298
"../../../Engine/Content/Functions/Engine_MaterialFunctions01/Shading/ConvertFromDiffSpec.uexp" 1299
"../../../Engine/Content/EngineMaterials/Substrate/Volume/SubstrateSimpleVolumeLUT3D.uasset" 1300
"../../../Engine/Content/EngineMaterials/Substrate/Volume/SubstrateSimpleVolumeLUT3D.uexp" 1301
"../../../Engine/Content/EngineMaterials/Substrate/Volume/SubstrateSimpleVolumeEnvLUT3D.uasset" 1302
"../../../Engine/Content/EngineMaterials/Substrate/Volume/SubstrateSimpleVolumeEnvLUT3D.uexp" 1303
"../../../Engine/Content/EngineMaterials/Substrate/GLints2/AGlintTex2dArray2.uasset" 1304
"../../../Engine/Content/EngineMaterials/Substrate/GLints2/AGlintTex2dArray2.uexp" 1305
"../../../Engine/Content/EngineMaterials/Substrate/GLints/AGlintTex2dArray.uasset" 1306
"../../../Engine/Content/EngineMaterials/Substrate/GLints/AGlintTex2dArray.uexp" 1307
"C:/Users/user/Documents/Unreal Projects/LocalMultiBaseCPP/Content/Assets/Weapon/InfinityBladeWeapons/Weapons/Blade/Swords/Blade_HeroSword11/SK_Blade_HeroSword_01_Skeleton.uasset" 1308
"C:/Users/user/Documents/Unreal Projects/LocalMultiBaseCPP/Content/Assets/Weapon/InfinityBladeWeapons/Weapons/Blade/Swords/Blade_HeroSword11/SK_Blade_HeroSword_01_Skeleton.uexp" 1309
"C:/Users/user/Documents/Unreal Projects/LocalMultiBaseCPP/Content/Assets/Weapon/InfinityBladeWeapons/Weapons/Blade/Swords/Blade_HeroSword11/T_Blade_HeroSword_012_D.uasset" 1310
"C:/Users/user/Documents/Unreal Projects/LocalMultiBaseCPP/Content/Assets/Weapon/InfinityBladeWeapons/Weapons/Blade/Swords/Blade_HeroSword11/T_Blade_HeroSword_012_D.uexp" 1311
"C:/Users/user/Documents/Unreal Projects/LocalMultiBaseCPP/Content/Assets/Weapon/InfinityBladeWeapons/Weapons/Blade/Swords/Blade_HeroSword11/T_Blade_HeroSword_011_D.uasset" 1312
"C:/Users/user/Documents/Unreal Projects/LocalMultiBaseCPP/Content/Assets/Weapon/InfinityBladeWeapons/Weapons/Blade/Swords/Blade_HeroSword11/T_Blade_HeroSword_011_D.uexp" 1313
"C:/Users/user/Documents/Unreal Projects/LocalMultiBaseCPP/Content/Assets/Weapon/InfinityBladeWeapons/Weapons/Blade/Swords/Blade_HeroSword11/T_Blade_HeroSword_011_N.uasset" 1314
"C:/Users/user/Documents/Unreal Projects/LocalMultiBaseCPP/Content/Assets/Weapon/InfinityBladeWeapons/Weapons/Blade/Swords/Blade_HeroSword11/T_Blade_HeroSword_011_N.uexp" 1315
"C:/Users/user/Documents/Unreal Projects/LocalMultiBaseCPP/Content/Assets/Weapon/InfinityBladeWeapons/Weapons/Blade/Swords/Blade_HeroSword11/M_Blade_HeroSword11.uasset" 1316
"C:/Users/user/Documents/Unreal Projects/LocalMultiBaseCPP/Content/Assets/Weapon/InfinityBladeWeapons/Weapons/Blade/Swords/Blade_HeroSword11/M_Blade_HeroSword11.uexp" 1317
"C:/Users/user/Documents/Unreal Projects/LocalMultiBaseCPP/Content/Assets/Weapon/InfinityBladeWeapons/Weapons/Blade/Swords/Blade_HeroSword11/SK_Blade_HeroSword11_Skeleton.uasset" 1318
"C:/Users/user/Documents/Unreal Projects/LocalMultiBaseCPP/Content/Assets/Weapon/InfinityBladeWeapons/Weapons/Blade/Swords/Blade_HeroSword11/SK_Blade_HeroSword11_Skeleton.uexp" 1319
"C:/Users/user/Documents/Unreal Projects/LocalMultiBaseCPP/Content/Assets/Weapon/InfinityBladeWeapons/Weapons/Blade/Swords/Blade_HeroSword11/SK_Blade_HeroSword11.uasset" 1320
"C:/Users/user/Documents/Unreal Projects/LocalMultiBaseCPP/Content/Assets/Weapon/InfinityBladeWeapons/Weapons/Blade/Swords/Blade_HeroSword11/SK_Blade_HeroSword11.uexp" 1321
"C:/Users/user/Documents/Unreal Projects/LocalMultiBaseCPP/Content/Assets/Weapon/InfinityBladeWeapons/Effects/FX/T_FogPlane01_Clouds.ubulk" 1322
"C:/Users/user/Documents/Unreal Projects/LocalMultiBaseCPP/Content/Assets/Weapon/InfinityBladeWeapons/Effects/FX/T_FogPlane01_Clouds.uasset" 1323
"C:/Users/user/Documents/Unreal Projects/LocalMultiBaseCPP/Content/Assets/Weapon/InfinityBladeWeapons/Effects/FX/T_FogPlane01_Clouds.uexp" 1324
"../../../Engine/Content/Maps/Entry_BuiltData.uasset" 1325
"../../../Engine/Content/Maps/Entry_BuiltData.uexp" 1326
"../../../Engine/Content/Maps/Entry.uexp" 1327
"../../../Engine/Content/Maps/Entry.umap" 1328
"C:/Users/user/Documents/Unreal Projects/LocalMultiBaseCPP/Content/Assets/Audio/clouds-67847.ubulk" 1329
"C:/Users/user/Documents/Unreal Projects/LocalMultiBaseCPP/Content/Assets/Audio/clouds-67847.uasset" 1330
"C:/Users/user/Documents/Unreal Projects/LocalMultiBaseCPP/Content/Assets/Audio/clouds-67847.uexp" 1331
"C:/Users/user/Documents/Unreal Projects/LocalMultiBaseCPP/Content/Assets/Object/torch/textures/torchstickRoughness.ubulk" 1332
"C:/Users/user/Documents/Unreal Projects/LocalMultiBaseCPP/Content/Assets/Object/torch/textures/torchstickRoughness.uasset" 1333
"C:/Users/user/Documents/Unreal Projects/LocalMultiBaseCPP/Content/Assets/Object/torch/textures/torchstickRoughness.uexp" 1334
"C:/Users/user/Documents/Unreal Projects/LocalMultiBaseCPP/Content/Assets/Object/torch/textures/torchstickNormal.ubulk" 1335
"C:/Users/user/Documents/Unreal Projects/LocalMultiBaseCPP/Content/Assets/Object/torch/textures/torchstickNormal.uasset" 1336
"C:/Users/user/Documents/Unreal Projects/LocalMultiBaseCPP/Content/Assets/Object/torch/textures/torchstickNormal.uexp" 1337
"C:/Users/user/Documents/Unreal Projects/LocalMultiBaseCPP/Content/Assets/Object/torch/textures/torchstickemmision.ubulk" 1338
"C:/Users/user/Documents/Unreal Projects/LocalMultiBaseCPP/Content/Assets/Object/torch/textures/torchstickemmision.uasset" 1339
"C:/Users/user/Documents/Unreal Projects/LocalMultiBaseCPP/Content/Assets/Object/torch/textures/torchstickemmision.uexp" 1340
"C:/Users/user/Documents/Unreal Projects/LocalMultiBaseCPP/Content/Assets/Object/torch/textures/torchstickColor.ubulk" 1341
"C:/Users/user/Documents/Unreal Projects/LocalMultiBaseCPP/Content/Assets/Object/torch/textures/torchstickColor.uasset" 1342
"C:/Users/user/Documents/Unreal Projects/LocalMultiBaseCPP/Content/Assets/Object/torch/textures/torchstickColor.uexp" 1343
"C:/Users/user/Documents/Unreal Projects/LocalMultiBaseCPP/Content/Assets/Object/torch/torchstick1.uasset" 1344
"C:/Users/user/Documents/Unreal Projects/LocalMultiBaseCPP/Content/Assets/Object/torch/torchstick1.uexp" 1345
"C:/Users/user/Documents/Unreal Projects/LocalMultiBaseCPP/Content/Assets/Object/torch/torchstick.ubulk" 1346
"C:/Users/user/Documents/Unreal Projects/LocalMultiBaseCPP/Content/Assets/Object/torch/torchstick.uasset" 1347
"C:/Users/user/Documents/Unreal Projects/LocalMultiBaseCPP/Content/Assets/Object/torch/torchstick.uexp" 1348
"C:/Users/user/Documents/Unreal Projects/LocalMultiBaseCPP/Content/Assets/BossPortal2/SM_MERGED_StaticMeshActor_14.uasset" 1349
"C:/Users/user/Documents/Unreal Projects/LocalMultiBaseCPP/Content/Assets/BossPortal2/SM_MERGED_StaticMeshActor_14.uexp" 1350
"C:/Users/user/Documents/Unreal Projects/LocalMultiBaseCPP/Content/LMBCPP/BluePrints/BP_MapPortal.uasset" 1351
"C:/Users/user/Documents/Unreal Projects/LocalMultiBaseCPP/Content/LMBCPP/BluePrints/BP_MapPortal.uexp" 1352
"C:/Users/user/Documents/Unreal Projects/LocalMultiBaseCPP/Content/Assets/Object/Farm_house/House_farm.ubulk" 1353
"C:/Users/user/Documents/Unreal Projects/LocalMultiBaseCPP/Content/Assets/Object/Farm_house/House_farm.uasset" 1354
"C:/Users/user/Documents/Unreal Projects/LocalMultiBaseCPP/Content/Assets/Object/Farm_house/House_farm.uexp" 1355
"../../../Engine/Content/EngineSky/T_Sky_Stars.ubulk" 1356
"../../../Engine/Content/EngineSky/T_Sky_Stars.uasset" 1357
"../../../Engine/Content/EngineSky/T_Sky_Stars.uexp" 1358
"../../../Engine/Content/EngineSky/T_Sky_Clouds_M.ubulk" 1359
"../../../Engine/Content/EngineSky/T_Sky_Clouds_M.uasset" 1360
"../../../Engine/Content/EngineSky/T_Sky_Clouds_M.uexp" 1361
"../../../Engine/Content/EngineSky/T_Sky_Blue.ubulk" 1362
"../../../Engine/Content/EngineSky/T_Sky_Blue.uasset" 1363
"../../../Engine/Content/EngineSky/T_Sky_Blue.uexp" 1364
"../../../Engine/Content/EngineSky/M_Sky_Panning_Clouds2.uasset" 1365
"../../../Engine/Content/EngineSky/M_Sky_Panning_Clouds2.uexp" 1366
"../../../Engine/Content/EngineSky/SM_SkySphere.ubulk" 1367
"../../../Engine/Content/EngineSky/SM_SkySphere.uasset" 1368
"../../../Engine/Content/EngineSky/SM_SkySphere.uexp" 1369
"C:/Users/user/Documents/Unreal Projects/LocalMultiBaseCPP/Content/LMBCPP/UI/wallpaperflare_com_wallpaper.uasset" 1370
"C:/Users/user/Documents/Unreal Projects/LocalMultiBaseCPP/Content/LMBCPP/UI/wallpaperflare_com_wallpaper.uexp" 1371
"C:/Users/user/Documents/Unreal Projects/LocalMultiBaseCPP/Content/LMBCPP/UI/WBP_GameOver.uasset" 1372
"C:/Users/user/Documents/Unreal Projects/LocalMultiBaseCPP/Content/LMBCPP/UI/WBP_GameOver.uexp" 1373
"C:/Users/user/Documents/Unreal Projects/LocalMultiBaseCPP/Content/LMBCPP/BluePrints/BP_LMBMyGameModeBase.uasset" 1374
"C:/Users/user/Documents/Unreal Projects/LocalMultiBaseCPP/Content/LMBCPP/BluePrints/BP_LMBMyGameModeBase.uexp" 1375
"../../../Engine/Content/MapTemplates/SM_Template_Map_Floor.ubulk" 1376
"../../../Engine/Content/MapTemplates/SM_Template_Map_Floor.uasset" 1377
"../../../Engine/Content/MapTemplates/SM_Template_Map_Floor.uexp" 1378
"C:/Users/user/Documents/Unreal Projects/LocalMultiBaseCPP/Content/Assets/Boss/Maw_J_Laygo_Skeleton.uasset" 1379
"C:/Users/user/Documents/Unreal Projects/LocalMultiBaseCPP/Content/Assets/Boss/Maw_J_Laygo_Skeleton.uexp" 1380
"C:/Users/user/Documents/Unreal Projects/LocalMultiBaseCPP/Content/Assets/Boss/Anim/Mutant_Punch.uasset" 1381
"C:/Users/user/Documents/Unreal Projects/LocalMultiBaseCPP/Content/Assets/Boss/Anim/Mutant_Punch.uexp" 1382
"C:/Users/user/Documents/Unreal Projects/LocalMultiBaseCPP/Content/Assets/Boss/Anim/PUNCH.uasset" 1383
"C:/Users/user/Documents/Unreal Projects/LocalMultiBaseCPP/Content/Assets/Boss/Anim/PUNCH.uexp" 1384
"C:/Users/user/Documents/Unreal Projects/LocalMultiBaseCPP/Content/Assets/Object/Fence/textures/textura_cerca_de_madeira_SPEC.ubulk" 1385
"C:/Users/user/Documents/Unreal Projects/LocalMultiBaseCPP/Content/Assets/Object/Fence/textures/textura_cerca_de_madeira_SPEC.uasset" 1386
"C:/Users/user/Documents/Unreal Projects/LocalMultiBaseCPP/Content/Assets/Object/Fence/textures/textura_cerca_de_madeira_SPEC.uexp" 1387
"C:/Users/user/Documents/Unreal Projects/LocalMultiBaseCPP/Content/Assets/Object/Fence/textures/textura_cerca_de_madeira_NRM.ubulk" 1388
"C:/Users/user/Documents/Unreal Projects/LocalMultiBaseCPP/Content/Assets/Object/Fence/textures/textura_cerca_de_madeira_NRM.uasset" 1389
"C:/Users/user/Documents/Unreal Projects/LocalMultiBaseCPP/Content/Assets/Object/Fence/textures/textura_cerca_de_madeira_NRM.uexp" 1390
"C:/Users/user/Documents/Unreal Projects/LocalMultiBaseCPP/Content/Assets/Object/Fence/textures/textura_cerca_de_madeira_COLOR.ubulk" 1391
"C:/Users/user/Documents/Unreal Projects/LocalMultiBaseCPP/Content/Assets/Object/Fence/textures/textura_cerca_de_madeira_COLOR.uasset" 1392
"C:/Users/user/Documents/Unreal Projects/LocalMultiBaseCPP/Content/Assets/Object/Fence/textures/textura_cerca_de_madeira_COLOR.uexp" 1393
"C:/Users/user/Documents/Unreal Projects/LocalMultiBaseCPP/Content/Assets/Object/Fence/Material.uasset" 1394
"C:/Users/user/Documents/Unreal Projects/LocalMultiBaseCPP/Content/Assets/Object/Fence/Material.uexp" 1395
"C:/Users/user/Documents/Unreal Projects/LocalMultiBaseCPP/Content/Assets/Object/Fence/fe64f03d82674d87ba8b930a4349312f_fbx.ubulk" 1396
"C:/Users/user/Documents/Unreal Projects/LocalMultiBaseCPP/Content/Assets/Object/Fence/fe64f03d82674d87ba8b930a4349312f_fbx.uasset" 1397
"C:/Users/user/Documents/Unreal Projects/LocalMultiBaseCPP/Content/Assets/Object/Fence/fe64f03d82674d87ba8b930a4349312f_fbx.uexp" 1398
"C:/Users/user/Documents/Unreal Projects/LocalMultiBaseCPP/Content/Naiagara/blood.uasset" 1399
"C:/Users/user/Documents/Unreal Projects/LocalMultiBaseCPP/Content/Naiagara/blood.uexp" 1400
"C:/Users/user/Documents/Unreal Projects/LocalMultiBaseCPP/Content/Naiagara/M_blood.uasset" 1401
"C:/Users/user/Documents/Unreal Projects/LocalMultiBaseCPP/Content/Naiagara/M_blood.uexp" 1402
"C:/Users/user/Documents/Unreal Projects/LocalMultiBaseCPP/Content/Naiagara/N_Blood.uasset" 1403
"C:/Users/user/Documents/Unreal Projects/LocalMultiBaseCPP/Content/Naiagara/N_Blood.uexp" 1404
"C:/Users/user/Documents/Unreal Projects/LocalMultiBaseCPP/Content/Assets/goblin/Running__3__Anim_mixamo_com.uasset" 1405
"C:/Users/user/Documents/Unreal Projects/LocalMultiBaseCPP/Content/Assets/goblin/Running__3__Anim_mixamo_com.uexp" 1406
"C:/Users/user/Documents/Unreal Projects/LocalMultiBaseCPP/Content/Assets/goblin/Falling_Back_Death_Anim_mixamo_com.uasset" 1407
"C:/Users/user/Documents/Unreal Projects/LocalMultiBaseCPP/Content/Assets/goblin/Falling_Back_Death_Anim_mixamo_com.uexp" 1408
"C:/Users/user/Documents/Unreal Projects/LocalMultiBaseCPP/Content/LMBCPP/BluePrints/BP_ActorMonsterBase.uasset" 1409
"C:/Users/user/Documents/Unreal Projects/LocalMultiBaseCPP/Content/LMBCPP/BluePrints/BP_ActorMonsterBase.uexp" 1410
"C:/Users/user/Documents/Unreal Projects/LocalMultiBaseCPP/Content/Assets/Boss/Anim/Mutant_Swiping.uasset" 1411
"C:/Users/user/Documents/Unreal Projects/LocalMultiBaseCPP/Content/Assets/Boss/Anim/Mutant_Swiping.uexp" 1412
"C:/Users/user/Documents/Unreal Projects/LocalMultiBaseCPP/Content/Assets/Boss/Anim/PUNCH2.uasset" 1413
"C:/Users/user/Documents/Unreal Projects/LocalMultiBaseCPP/Content/Assets/Boss/Anim/PUNCH2.uexp" 1414
"C:/Users/user/Documents/Unreal Projects/LocalMultiBaseCPP/Content/Assets/Boss/Anim/Mutant_Idle.uasset" 1415
"C:/Users/user/Documents/Unreal Projects/LocalMultiBaseCPP/Content/Assets/Boss/Anim/Mutant_Idle.uexp" 1416
"C:/Users/user/Documents/Unreal Projects/LocalMultiBaseCPP/Content/Assets/Boss/Anim/Mutant_Walking.uasset" 1417
"C:/Users/user/Documents/Unreal Projects/LocalMultiBaseCPP/Content/Assets/Boss/Anim/Mutant_Walking.uexp" 1418
"C:/Users/user/Documents/Unreal Projects/LocalMultiBaseCPP/Content/Assets/Boss/Anim/Mutant_Run.uasset" 1419
"C:/Users/user/Documents/Unreal Projects/LocalMultiBaseCPP/Content/Assets/Boss/Anim/Mutant_Run.uexp" 1420
"C:/Users/user/Documents/Unreal Projects/LocalMultiBaseCPP/Content/Assets/Boss/BluePrint/BP_BossAnim.uasset" 1421
"C:/Users/user/Documents/Unreal Projects/LocalMultiBaseCPP/Content/Assets/Boss/BluePrint/BP_BossAnim.uexp" 1422
"C:/Users/user/Documents/Unreal Projects/LocalMultiBaseCPP/Content/LMBCPP/UI/health.uasset" 1423
"C:/Users/user/Documents/Unreal Projects/LocalMultiBaseCPP/Content/LMBCPP/UI/health.uexp" 1424
"C:/Users/user/Documents/Unreal Projects/LocalMultiBaseCPP/Content/Assets/Boss/Anim/Mutant_Dying.uasset" 1425
"C:/Users/user/Documents/Unreal Projects/LocalMultiBaseCPP/Content/Assets/Boss/Anim/Mutant_Dying.uexp" 1426
"C:/Users/user/Documents/Unreal Projects/LocalMultiBaseCPP/Content/Assets/Boss/Anim/Daying.uasset" 1427
"C:/Users/user/Documents/Unreal Projects/LocalMultiBaseCPP/Content/Assets/Boss/Anim/Daying.uexp" 1428
"C:/Users/user/Documents/Unreal Projects/LocalMultiBaseCPP/Content/Assets/Boss/Maw_J_Laygo_PhysicsAsset.uasset" 1429
"C:/Users/user/Documents/Unreal Projects/LocalMultiBaseCPP/Content/Assets/Boss/Maw_J_Laygo_PhysicsAsset.uexp" 1430
"C:/Users/user/Documents/Unreal Projects/LocalMultiBaseCPP/Content/Assets/Boss/MAW_normal.ubulk" 1431
"C:/Users/user/Documents/Unreal Projects/LocalMultiBaseCPP/Content/Assets/Boss/MAW_normal.uasset" 1432
"C:/Users/user/Documents/Unreal Projects/LocalMultiBaseCPP/Content/Assets/Boss/MAW_normal.uexp" 1433
"C:/Users/user/Documents/Unreal Projects/LocalMultiBaseCPP/Content/Assets/Boss/MAW_glow.ubulk" 1434
"C:/Users/user/Documents/Unreal Projects/LocalMultiBaseCPP/Content/Assets/Boss/MAW_glow.uasset" 1435
"C:/Users/user/Documents/Unreal Projects/LocalMultiBaseCPP/Content/Assets/Boss/MAW_glow.uexp" 1436
"C:/Users/user/Documents/Unreal Projects/LocalMultiBaseCPP/Content/Assets/Boss/maria_specular.ubulk" 1437
"C:/Users/user/Documents/Unreal Projects/LocalMultiBaseCPP/Content/Assets/Boss/maria_specular.uasset" 1438
"C:/Users/user/Documents/Unreal Projects/LocalMultiBaseCPP/Content/Assets/Boss/maria_specular.uexp" 1439
"C:/Users/user/Documents/Unreal Projects/LocalMultiBaseCPP/Content/Assets/Boss/MAW_diffuse.ubulk" 1440
"C:/Users/user/Documents/Unreal Projects/LocalMultiBaseCPP/Content/Assets/Boss/MAW_diffuse.uasset" 1441
"C:/Users/user/Documents/Unreal Projects/LocalMultiBaseCPP/Content/Assets/Boss/MAW_diffuse.uexp" 1442
"C:/Users/user/Documents/Unreal Projects/LocalMultiBaseCPP/Content/Assets/Boss/MAW_MAT.uasset" 1443
"C:/Users/user/Documents/Unreal Projects/LocalMultiBaseCPP/Content/Assets/Boss/MAW_MAT.uexp" 1444
"C:/Users/user/Documents/Unreal Projects/LocalMultiBaseCPP/Content/Assets/Boss/Maw_J_Laygo.uasset" 1445
"C:/Users/user/Documents/Unreal Projects/LocalMultiBaseCPP/Content/Assets/Boss/Maw_J_Laygo.uexp" 1446
"C:/Users/user/Documents/Unreal Projects/LocalMultiBaseCPP/Content/Assets/Boss/Anim/Mutant_Jump_Attack.uasset" 1447
"C:/Users/user/Documents/Unreal Projects/LocalMultiBaseCPP/Content/Assets/Boss/Anim/Mutant_Jump_Attack.uexp" 1448
"C:/Users/user/Documents/Unreal Projects/LocalMultiBaseCPP/Content/Assets/Boss/Anim/JUMPATTACK.uasset" 1449
"C:/Users/user/Documents/Unreal Projects/LocalMultiBaseCPP/Content/Assets/Boss/Anim/JUMPATTACK.uexp" 1450
"C:/Users/user/Documents/Unreal Projects/LocalMultiBaseCPP/Content/LMBCPP/UI/Gameclear.uasset" 1451
"C:/Users/user/Documents/Unreal Projects/LocalMultiBaseCPP/Content/LMBCPP/UI/Gameclear.uexp" 1452
"C:/Users/user/Documents/Unreal Projects/LocalMultiBaseCPP/Content/LMBCPP/UI/WBP_GameClear.uasset" 1453
"C:/Users/user/Documents/Unreal Projects/LocalMultiBaseCPP/Content/LMBCPP/UI/WBP_GameClear.uexp" 1454
"C:/Users/user/Documents/Unreal Projects/LocalMultiBaseCPP/Content/LMBCPP/BluePrints/BP_Boss.uasset" 1455
"C:/Users/user/Documents/Unreal Projects/LocalMultiBaseCPP/Content/LMBCPP/BluePrints/BP_Boss.uexp" 1456
"C:/Users/user/Documents/Unreal Projects/LocalMultiBaseCPP/Content/LMBCPP/UI/CountDown.uasset" 1457
"C:/Users/user/Documents/Unreal Projects/LocalMultiBaseCPP/Content/LMBCPP/UI/CountDown.uexp" 1458
"C:/Users/user/Documents/Unreal Projects/LocalMultiBaseCPP/Content/LMBCPP/UI/WBP_HUD.uasset" 1459
"C:/Users/user/Documents/Unreal Projects/LocalMultiBaseCPP/Content/LMBCPP/UI/WBP_HUD.uexp" 1460
"C:/Users/user/Documents/Unreal Projects/LocalMultiBaseCPP/Content/Assets/Object/Fence/SM_MERGED_StaticMeshActor_28.uasset" 1461
"C:/Users/user/Documents/Unreal Projects/LocalMultiBaseCPP/Content/Assets/Object/Fence/SM_MERGED_StaticMeshActor_28.uexp" 1462
"../../../Engine/Content/EngineSky/M_SimpleSkyDome.uasset" 1463
"../../../Engine/Content/EngineSky/M_SimpleSkyDome.uexp" 1464
"C:/Users/user/Documents/Unreal Projects/LocalMultiBaseCPP/Content/LMBCPP/Maps/MainMap.uexp" 1465
"C:/Users/user/Documents/Unreal Projects/LocalMultiBaseCPP/Content/LMBCPP/Maps/MainMap.umap" 1466
"C:/Users/user/Documents/Unreal Projects/LocalMultiBaseCPP/Content/LMBCPP/UI/Intro.uasset" 1467
"C:/Users/user/Documents/Unreal Projects/LocalMultiBaseCPP/Content/LMBCPP/UI/Intro.uexp" 1468
"C:/Users/user/Documents/Unreal Projects/LocalMultiBaseCPP/Content/LMBCPP/UI/GameStart.uasset" 1469
"C:/Users/user/Documents/Unreal Projects/LocalMultiBaseCPP/Content/LMBCPP/UI/GameStart.uexp" 1470
"C:/Users/user/Documents/Unreal Projects/LocalMultiBaseCPP/Content/LMBCPP/Maps/Intro.uexp" 1471
"C:/Users/user/Documents/Unreal Projects/LocalMultiBaseCPP/Content/LMBCPP/Maps/Intro.umap" 1472
"C:/Users/user/Documents/Unreal Projects/LocalMultiBaseCPP/Content/LMBCPP/Maps/Gameover.uexp" 1473
"C:/Users/user/Documents/Unreal Projects/LocalMultiBaseCPP/Content/LMBCPP/Maps/Gameover.umap" 1474
